City,State,Year,Population,Date
Aguila,AZ,2021,519,7/7/2021
Aguila,AZ,2020,565,7/7/2020
Ajo,AZ,2021,2987,7/7/2021
Ajo,AZ,2020,3039,7/7/2020
Ak Chin,AZ,2021,54,7/7/2021
Ak Chin,AZ,2020,50,7/7/2020
Ak-Chin Village,AZ,2021,888,7/7/2021
Ak-Chin Village,AZ,2020,884,7/7/2020
Alamo Lake,AZ,2021,0,7/7/2021
Alamo Lake,AZ,2020,4,7/7/2020
Ali Chuk,AZ,2021,111,7/7/2021
Ali Chuk,AZ,2020,119,7/7/2020
Ali Chukson,AZ,2021,109,7/7/2021
Ali Chukson,AZ,2020,113,7/7/2020
Ali Molina,AZ,2021,59,7/7/2021
Ali Molina,AZ,2020,61,7/7/2020
Alpine,AZ,2021,146,7/7/2021
Alpine,AZ,2020,146,7/7/2020
Amado,AZ,2021,178,7/7/2021
Amado,AZ,2020,198,7/7/2020
Anegam,AZ,2021,149,7/7/2021
Anegam,AZ,2020,149,7/7/2020
Antares,AZ,2021,134,7/7/2021
Antares,AZ,2020,132,7/7/2020
Anthem,AZ,2021,23488,7/7/2021
Anthem,AZ,2020,23190,7/7/2020
Apache Junction,AZ,2021,39031,7/7/2021
Apache Junction,AZ,2020,38499,7/7/2020
Apache Junction,AZ,2019,42571,7/7/2019
Apache Junction,AZ,2018,41536,7/7/2018
Apache Junction,AZ,2017,40618,7/7/2017
Apache Junction,AZ,2016,39661,7/7/2016
Apache Junction,AZ,2015,38523,7/7/2015
Apache Junction,AZ,2014,37610,7/7/2014
Apache Junction,AZ,2013,36732,7/7/2013
Apache Junction,AZ,2012,36156,7/7/2012
Apache Junction,AZ,2011,35723,7/7/2011
Apache Junction,AZ,2010,35918,7/7/2010
Apache Junction,AZ,2009,34284,7/7/2009
Apache Junction,AZ,2008,33515,7/7/2008
Apache Junction,AZ,2007,32529,7/7/2007
Apache Junction,AZ,2006,31228,7/7/2006
Apache Junction,AZ,2005,32564,7/7/2005
Apache Junction,AZ,2004,33836,7/7/2004
Apache Junction,AZ,2003,34350,7/7/2003
Apache Junction,AZ,2002,33958,7/7/2002
Apache Junction,AZ,2001,32841,7/7/2001
Apache Junction,AZ,2000,32087,7/7/2000
Arivaca,AZ,2021,609,7/7/2021
Arivaca,AZ,2020,623,7/7/2020
Arivaca Junction,AZ,2021,946,7/7/2021
Arivaca Junction,AZ,2020,970,7/7/2020
Arizona City,AZ,2021,9746,7/7/2021
Arizona City,AZ,2020,9868,7/7/2020
Arizona Village,AZ,2021,1079,7/7/2021
Arizona Village,AZ,2020,1057,7/7/2020
Arlington,AZ,2021,142,7/7/2021
Arlington,AZ,2020,150,7/7/2020
Ash Fork,AZ,2021,353,7/7/2021
Ash Fork,AZ,2020,361,7/7/2020
Avenue B and C,AZ,2021,4085,7/7/2021
Avenue B and C,AZ,2020,4101,7/7/2020
Avondale,AZ,2021,91954,7/7/2021
Avondale,AZ,2020,89334,7/7/2020
Avondale,AZ,2019,87931,7/7/2019
Avondale,AZ,2018,85715,7/7/2018
Avondale,AZ,2017,84742,7/7/2017
Avondale,AZ,2016,83288,7/7/2016
Avondale,AZ,2015,81924,7/7/2015
Avondale,AZ,2014,80726,7/7/2014
Avondale,AZ,2013,79745,7/7/2013
Avondale,AZ,2012,78718,7/7/2012
Avondale,AZ,2011,77279,7/7/2011
Avondale,AZ,2010,76232,7/7/2010
Avondale,AZ,2009,85212,7/7/2009
Avondale,AZ,2008,81400,7/7/2008
Avondale,AZ,2007,79101,7/7/2007
Avondale,AZ,2006,75298,7/7/2006
Avondale,AZ,2005,69240,7/7/2005
Avondale,AZ,2004,61116,7/7/2004
Avondale,AZ,2003,56214,7/7/2003
Avondale,AZ,2002,49651,7/7/2002
Avondale,AZ,2001,42218,7/7/2001
Avondale,AZ,2000,37257,7/7/2000
Avra Valley,AZ,2021,5473,7/7/2021
Avra Valley,AZ,2020,5569,7/7/2020
Aztec,AZ,2021,-6,7/7/2021
Aztec,AZ,2020,2,7/7/2020
Bagdad,AZ,2021,1944,7/7/2021
Bagdad,AZ,2020,1932,7/7/2020
Bear Flat,AZ,2021,9,7/7/2021
Bear Flat,AZ,2020,11,7/7/2020
Beaver Dam,AZ,2021,1470,7/7/2021
Beaver Dam,AZ,2020,1552,7/7/2020
Beaver Valley,AZ,2021,226,7/7/2021
Beaver Valley,AZ,2020,226,7/7/2020
Benson,AZ,2021,5405,7/7/2021
Benson,AZ,2020,5355,7/7/2020
Benson,AZ,2019,4880,7/7/2019
Benson,AZ,2018,4859,7/7/2018
Benson,AZ,2017,4839,7/7/2017
Benson,AZ,2016,4863,7/7/2016
Benson,AZ,2015,4909,7/7/2015
Benson,AZ,2014,4951,7/7/2014
Benson,AZ,2013,5040,7/7/2013
Benson,AZ,2012,5132,7/7/2012
Benson,AZ,2011,5186,7/7/2011
Benson,AZ,2010,5126,7/7/2010
Benson,AZ,2009,5144,7/7/2009
Benson,AZ,2008,4969,7/7/2008
Benson,AZ,2007,4949,7/7/2007
Benson,AZ,2006,4848,7/7/2006
Benson,AZ,2005,4910,7/7/2005
Benson,AZ,2004,4882,7/7/2004
Benson,AZ,2003,4847,7/7/2003
Benson,AZ,2002,4709,7/7/2002
Benson,AZ,2001,4705,7/7/2001
Benson,AZ,2000,4730,7/7/2000
Beyerville,AZ,2021,52,7/7/2021
Beyerville,AZ,2020,72,7/7/2020
Bisbee,AZ,2021,4793,7/7/2021
Bisbee,AZ,2020,4923,7/7/2020
Bisbee,AZ,2019,5225,7/7/2019
Bisbee,AZ,2018,5196,7/7/2018
Bisbee,AZ,2017,5193,7/7/2017
Bisbee,AZ,2016,5221,7/7/2016
Bisbee,AZ,2015,5216,7/7/2015
Bisbee,AZ,2014,5316,7/7/2014
Bisbee,AZ,2013,5381,7/7/2013
Bisbee,AZ,2012,5530,7/7/2012
Bisbee,AZ,2011,5586,7/7/2011
Bisbee,AZ,2010,5611,7/7/2010
Bisbee,AZ,2009,5962,7/7/2009
Bisbee,AZ,2008,5950,7/7/2008
Bisbee,AZ,2007,5960,7/7/2007
Bisbee,AZ,2006,6028,7/7/2006
Bisbee,AZ,2005,6136,7/7/2005
Bisbee,AZ,2004,6141,7/7/2004
Bisbee,AZ,2003,6120,7/7/2003
Bisbee,AZ,2002,6143,7/7/2002
Bisbee,AZ,2001,6162,7/7/2001
Bisbee,AZ,2000,6231,7/7/2000
Bitter Springs,AZ,2021,335,7/7/2021
Bitter Springs,AZ,2020,355,7/7/2020
Black Canyon City,AZ,2021,2645,7/7/2021
Black Canyon City,AZ,2020,2677,7/7/2020
Blackwater,AZ,2021,1216,7/7/2021
Blackwater,AZ,2020,1190,7/7/2020
Bluewater,AZ,2021,674,7/7/2021
Bluewater,AZ,2020,682,7/7/2020
Bouse,AZ,2021,649,7/7/2021
Bouse,AZ,2020,707,7/7/2020
Bowie,AZ,2021,398,7/7/2021
Bowie,AZ,2020,406,7/7/2020
Brenda,AZ,2021,424,7/7/2021
Brenda,AZ,2020,466,7/7/2020
Bryce,AZ,2021,173,7/7/2021
Bryce,AZ,2020,173,7/7/2020
Buckeye,AZ,2021,101315,7/7/2021
Buckeye,AZ,2020,91154,7/7/2020
Buckeye,AZ,2019,79620,7/7/2019
Buckeye,AZ,2018,74339,7/7/2018
Buckeye,AZ,2017,68534,7/7/2017
Buckeye,AZ,2016,64641,7/7/2016
Buckeye,AZ,2015,61633,7/7/2015
Buckeye,AZ,2014,59100,7/7/2014
Buckeye,AZ,2013,56603,7/7/2013
Buckeye,AZ,2012,54389,7/7/2012
Buckeye,AZ,2011,52486,7/7/2011
Buckeye,AZ,2010,51350,7/7/2010
Buckeye,AZ,2009,51735,7/7/2009
Buckeye,AZ,2008,47602,7/7/2008
Buckeye,AZ,2007,37907,7/7/2007
Buckeye,AZ,2006,29880,7/7/2006
Buckeye,AZ,2005,21313,7/7/2005
Buckeye,AZ,2004,15294,7/7/2004
Buckeye,AZ,2003,14330,7/7/2003
Buckeye,AZ,2002,13375,7/7/2002
Buckeye,AZ,2001,11700,7/7/2001
Buckeye,AZ,2000,9757,7/7/2000
Buckshot,AZ,2021,54,7/7/2021
Buckshot,AZ,2020,70,7/7/2020
Bullhead City,AZ,2021,41710,7/7/2021
Bullhead City,AZ,2020,41348,7/7/2020
Bullhead City,AZ,2019,40884,7/7/2019
Bullhead City,AZ,2018,40369,7/7/2018
Bullhead City,AZ,2017,40233,7/7/2017
Bullhead City,AZ,2016,39970,7/7/2016
Bullhead City,AZ,2015,39796,7/7/2015
Bullhead City,AZ,2014,39580,7/7/2014
Bullhead City,AZ,2013,39568,7/7/2013
Bullhead City,AZ,2012,39645,7/7/2012
Bullhead City,AZ,2011,39710,7/7/2011
Bullhead City,AZ,2010,39549,7/7/2010
Bullhead City,AZ,2009,40747,7/7/2009
Bullhead City,AZ,2008,40896,7/7/2008
Bullhead City,AZ,2007,41001,7/7/2007
Bullhead City,AZ,2006,40012,7/7/2006
Bullhead City,AZ,2005,38779,7/7/2005
Bullhead City,AZ,2004,37316,7/7/2004
Bullhead City,AZ,2003,36195,7/7/2003
Bullhead City,AZ,2002,35380,7/7/2002
Bullhead City,AZ,2001,34549,7/7/2001
Bullhead City,AZ,2000,33967,7/7/2000
Burnside,AZ,2021,486,7/7/2021
Burnside,AZ,2020,494,7/7/2020
Bylas,AZ,2021,1746,7/7/2021
Bylas,AZ,2020,1782,7/7/2020
Cactus Flats,AZ,2021,1526,7/7/2021
Cactus Flats,AZ,2020,1524,7/7/2020
Cactus Forest,AZ,2021,608,7/7/2021
Cactus Forest,AZ,2020,606,7/7/2020
Cameron,AZ,2021,704,7/7/2021
Cameron,AZ,2020,734,7/7/2020
Camp Verde,AZ,2021,12401,7/7/2021
Camp Verde,AZ,2020,12147,7/7/2020
Camp Verde,AZ,2019,11187,7/7/2019
Camp Verde,AZ,2018,11234,7/7/2018
Camp Verde,AZ,2017,11210,7/7/2017
Camp Verde,AZ,2016,11194,7/7/2016
Camp Verde,AZ,2015,11122,7/7/2015
Camp Verde,AZ,2014,11056,7/7/2014
Camp Verde,AZ,2013,10985,7/7/2013
Camp Verde,AZ,2012,10898,7/7/2012
Camp Verde,AZ,2011,10907,7/7/2011
Camp Verde,AZ,2010,10873,7/7/2010
Camp Verde,AZ,2009,10871,7/7/2009
Camp Verde,AZ,2008,10892,7/7/2008
Camp Verde,AZ,2007,10829,7/7/2007
Camp Verde,AZ,2006,10596,7/7/2006
Camp Verde,AZ,2005,10148,7/7/2005
Camp Verde,AZ,2004,10014,7/7/2004
Camp Verde,AZ,2003,9869,7/7/2003
Camp Verde,AZ,2002,9728,7/7/2002
Camp Verde,AZ,2001,9596,7/7/2001
Camp Verde,AZ,2000,9486,7/7/2000
Campo Bonito,AZ,2021,85,7/7/2021
Campo Bonito,AZ,2020,83,7/7/2020
Cane Beds,AZ,2021,470,7/7/2021
Cane Beds,AZ,2020,466,7/7/2020
Canyon Day,AZ,2021,1205,7/7/2021
Canyon Day,AZ,2020,1205,7/7/2020
Carefree,AZ,2021,3756,7/7/2021
Carefree,AZ,2020,3690,7/7/2020
Carefree,AZ,2019,3927,7/7/2019
Carefree,AZ,2018,3868,7/7/2018
Carefree,AZ,2017,3805,7/7/2017
Carefree,AZ,2016,3758,7/7/2016
Carefree,AZ,2015,3684,7/7/2015
Carefree,AZ,2014,3590,7/7/2014
Carefree,AZ,2013,3538,7/7/2013
Carefree,AZ,2012,3481,7/7/2012
Carefree,AZ,2011,3417,7/7/2011
Carefree,AZ,2010,3369,7/7/2010
Carefree,AZ,2009,3888,7/7/2009
Carefree,AZ,2008,3865,7/7/2008
Carefree,AZ,2007,3839,7/7/2007
Carefree,AZ,2006,3792,7/7/2006
Carefree,AZ,2005,3708,7/7/2005
Carefree,AZ,2004,3481,7/7/2004
Carefree,AZ,2003,3346,7/7/2003
Carefree,AZ,2002,3182,7/7/2002
Carefree,AZ,2001,3087,7/7/2001
Carefree,AZ,2000,2960,7/7/2000
Carrizo,AZ,2021,84,7/7/2021
Carrizo,AZ,2020,92,7/7/2020
Casa Blanca,AZ,2021,1795,7/7/2021
Casa Blanca,AZ,2020,1727,7/7/2020
Casa Grande,AZ,2021,54676,7/7/2021
Casa Grande,AZ,2020,53658,7/7/2020
Casa Grande,AZ,2019,58632,7/7/2019
Casa Grande,AZ,2018,57019,7/7/2018
Casa Grande,AZ,2017,55695,7/7/2017
Casa Grande,AZ,2016,54247,7/7/2016
Casa Grande,AZ,2015,52687,7/7/2015
Casa Grande,AZ,2014,51362,7/7/2014
Casa Grande,AZ,2013,49777,7/7/2013
Casa Grande,AZ,2012,49453,7/7/2012
Casa Grande,AZ,2011,48904,7/7/2011
Casa Grande,AZ,2010,48955,7/7/2010
Casa Grande,AZ,2009,43878,7/7/2009
Casa Grande,AZ,2008,41995,7/7/2008
Casa Grande,AZ,2007,38891,7/7/2007
Casa Grande,AZ,2006,35003,7/7/2006
Casa Grande,AZ,2005,33538,7/7/2005
Casa Grande,AZ,2004,32323,7/7/2004
Casa Grande,AZ,2003,30857,7/7/2003
Casa Grande,AZ,2002,29608,7/7/2002
Casa Grande,AZ,2001,27835,7/7/2001
Casa Grande,AZ,2000,26939,7/7/2000
Casas Adobes,AZ,2021,71809,7/7/2021
Casas Adobes,AZ,2020,70973,7/7/2020
Catalina,AZ,2021,7547,7/7/2021
Catalina,AZ,2020,7551,7/7/2020
Catalina Foothills,AZ,2021,52721,7/7/2021
Catalina Foothills,AZ,2020,52401,7/7/2020
Cave Creek,AZ,2021,4868,7/7/2021
Cave Creek,AZ,2020,4892,7/7/2020
Cave Creek,AZ,2019,5838,7/7/2019
Cave Creek,AZ,2018,5738,7/7/2018
Cave Creek,AZ,2017,5661,7/7/2017
Cave Creek,AZ,2016,5581,7/7/2016
Cave Creek,AZ,2015,5495,7/7/2015
Cave Creek,AZ,2014,5353,7/7/2014
Cave Creek,AZ,2013,5178,7/7/2013
Cave Creek,AZ,2012,5017,7/7/2012
Cave Creek,AZ,2011,4898,7/7/2011
Cave Creek,AZ,2010,4816,7/7/2010
Cave Creek,AZ,2009,5505,7/7/2009
Cave Creek,AZ,2008,5443,7/7/2008
Cave Creek,AZ,2007,5083,7/7/2007
Cave Creek,AZ,2006,4954,7/7/2006
Cave Creek,AZ,2005,4758,7/7/2005
Cave Creek,AZ,2004,4439,7/7/2004
Cave Creek,AZ,2003,4188,7/7/2003
Cave Creek,AZ,2002,4048,7/7/2002
Cave Creek,AZ,2001,3942,7/7/2001
Cave Creek,AZ,2000,3770,7/7/2000
Cedar Creek,AZ,2021,382,7/7/2021
Cedar Creek,AZ,2020,372,7/7/2020
Centennial Park,AZ,2021,1640,7/7/2021
Centennial Park,AZ,2020,1578,7/7/2020
Central,AZ,2021,780,7/7/2021
Central,AZ,2020,758,7/7/2020
Central Heights-Midland City,AZ,2021,2275,7/7/2021
Central Heights-Midland City,AZ,2020,2319,7/7/2020
Chandler,AZ,2021,283959,7/7/2021
Chandler,AZ,2020,275987,7/7/2020
Chandler,AZ,2019,261165,7/7/2019
Chandler,AZ,2018,257186,7/7/2018
Chandler,AZ,2017,253599,7/7/2017
Chandler,AZ,2016,247845,7/7/2016
Chandler,AZ,2015,243679,7/7/2015
Chandler,AZ,2014,240888,7/7/2014
Chandler,AZ,2013,239888,7/7/2013
Chandler,AZ,2012,237660,7/7/2012
Chandler,AZ,2011,236834,7/7/2011
Chandler,AZ,2010,236454,7/7/2010
Chandler,AZ,2009,249535,7/7/2009
Chandler,AZ,2008,247214,7/7/2008
Chandler,AZ,2007,244013,7/7/2007
Chandler,AZ,2006,240096,7/7/2006
Chandler,AZ,2005,231698,7/7/2005
Chandler,AZ,2004,221170,7/7/2004
Chandler,AZ,2003,209691,7/7/2003
Chandler,AZ,2002,200378,7/7/2002
Chandler,AZ,2001,190696,7/7/2001
Chandler,AZ,2000,179577,7/7/2000
Charco,AZ,2021,23,7/7/2021
Charco,AZ,2020,27,7/7/2020
Chiawuli Tak,AZ,2021,42,7/7/2021
Chiawuli Tak,AZ,2020,48,7/7/2020
Chilchinbito,AZ,2021,821,7/7/2021
Chilchinbito,AZ,2020,769,7/7/2020
Chinle,AZ,2021,4585,7/7/2021
Chinle,AZ,2020,4573,7/7/2020
Chino Valley,AZ,2021,13460,7/7/2021
Chino Valley,AZ,2020,13020,7/7/2020
Chino Valley,AZ,2019,12375,7/7/2019
Chino Valley,AZ,2018,11991,7/7/2018
Chino Valley,AZ,2017,11703,7/7/2017
Chino Valley,AZ,2016,11203,7/7/2016
Chino Valley,AZ,2015,11047,7/7/2015
Chino Valley,AZ,2014,10972,7/7/2014
Chino Valley,AZ,2013,10880,7/7/2013
Chino Valley,AZ,2012,10808,7/7/2012
Chino Valley,AZ,2011,10796,7/7/2011
Chino Valley,AZ,2010,10810,7/7/2010
Chino Valley,AZ,2009,11182,7/7/2009
Chino Valley,AZ,2008,11136,7/7/2008
Chino Valley,AZ,2007,10916,7/7/2007
Chino Valley,AZ,2006,10551,7/7/2006
Chino Valley,AZ,2005,9774,7/7/2005
Chino Valley,AZ,2004,9189,7/7/2004
Chino Valley,AZ,2003,8778,7/7/2003
Chino Valley,AZ,2002,8561,7/7/2002
Chino Valley,AZ,2001,8401,7/7/2001
Chino Valley,AZ,2000,8255,7/7/2000
Chloride,AZ,2021,221,7/7/2021
Chloride,AZ,2020,229,7/7/2020
Christopher Creek,AZ,2021,113,7/7/2021
Christopher Creek,AZ,2020,121,7/7/2020
Chuichu,AZ,2021,234,7/7/2021
Chuichu,AZ,2020,240,7/7/2020
Cibecue,AZ,2021,1836,7/7/2021
Cibecue,AZ,2020,1816,7/7/2020
Cibola,AZ,2021,188,7/7/2021
Cibola,AZ,2020,198,7/7/2020
Cienega Springs,AZ,2021,1668,7/7/2021
Cienega Springs,AZ,2020,1690,7/7/2020
Citrus Park,AZ,2021,5428,7/7/2021
Citrus Park,AZ,2020,5194,7/7/2020
Clacks Canyon,AZ,2021,165,7/7/2021
Clacks Canyon,AZ,2020,167,7/7/2020
Clarkdale,AZ,2021,4490,7/7/2021
Clarkdale,AZ,2020,4424,7/7/2020
Clarkdale,AZ,2019,4391,7/7/2019
Clarkdale,AZ,2018,4340,7/7/2018
Clarkdale,AZ,2017,4282,7/7/2017
Clarkdale,AZ,2016,4203,7/7/2016
Clarkdale,AZ,2015,4141,7/7/2015
Clarkdale,AZ,2014,4090,7/7/2014
Clarkdale,AZ,2013,4048,7/7/2013
Clarkdale,AZ,2012,4024,7/7/2012
Clarkdale,AZ,2011,4021,7/7/2011
Clarkdale,AZ,2010,4035,7/7/2010
Clarkdale,AZ,2009,4252,7/7/2009
Clarkdale,AZ,2008,4251,7/7/2008
Clarkdale,AZ,2007,4177,7/7/2007
Clarkdale,AZ,2006,3822,7/7/2006
Clarkdale,AZ,2005,3742,7/7/2005
Clarkdale,AZ,2004,3688,7/7/2004
Clarkdale,AZ,2003,3658,7/7/2003
Clarkdale,AZ,2002,3546,7/7/2002
Clarkdale,AZ,2001,3468,7/7/2001
Clarkdale,AZ,2000,3400,7/7/2000
Clay Springs,AZ,2021,317,7/7/2021
Clay Springs,AZ,2020,331,7/7/2020
Claypool,AZ,2021,1367,7/7/2021
Claypool,AZ,2020,1395,7/7/2020
Clifton,AZ,2021,4057,7/7/2021
Clifton,AZ,2020,3933,7/7/2020
Clifton,AZ,2019,3708,7/7/2019
Clifton,AZ,2018,3684,7/7/2018
Clifton,AZ,2017,3673,7/7/2017
Clifton,AZ,2016,3743,7/7/2016
Clifton,AZ,2015,3700,7/7/2015
Clifton,AZ,2014,3621,7/7/2014
Clifton,AZ,2013,3463,7/7/2013
Clifton,AZ,2012,3414,7/7/2012
Clifton,AZ,2011,3350,7/7/2011
Clifton,AZ,2010,3269,7/7/2010
Clifton,AZ,2009,2569,7/7/2009
Clifton,AZ,2008,2454,7/7/2008
Clifton,AZ,2007,2316,7/7/2007
Clifton,AZ,2006,2232,7/7/2006
Clifton,AZ,2005,2190,7/7/2005
Clifton,AZ,2004,2198,7/7/2004
Clifton,AZ,2003,2224,7/7/2003
Clifton,AZ,2002,2326,7/7/2002
Clifton,AZ,2001,2503,7/7/2001
Clifton,AZ,2000,2592,7/7/2000
Colorado City,AZ,2021,2010,7/7/2021
Colorado City,AZ,2020,2478,7/7/2020
Colorado City,AZ,2019,4836,7/7/2019
Colorado City,AZ,2018,4851,7/7/2018
Colorado City,AZ,2017,4834,7/7/2017
Colorado City,AZ,2016,4823,7/7/2016
Colorado City,AZ,2015,4818,7/7/2015
Colorado City,AZ,2014,4785,7/7/2014
Colorado City,AZ,2013,4801,7/7/2013
Colorado City,AZ,2012,4824,7/7/2012
Colorado City,AZ,2011,4829,7/7/2011
Colorado City,AZ,2010,4820,7/7/2010
Colorado City,AZ,2009,4668,7/7/2009
Colorado City,AZ,2008,4707,7/7/2008
Colorado City,AZ,2007,4765,7/7/2007
Colorado City,AZ,2006,4548,7/7/2006
Colorado City,AZ,2005,4307,7/7/2005
Colorado City,AZ,2004,4100,7/7/2004
Colorado City,AZ,2003,3881,7/7/2003
Colorado City,AZ,2002,3699,7/7/2002
Colorado City,AZ,2001,3535,7/7/2001
Colorado City,AZ,2000,3379,7/7/2000
Comobabi,AZ,2021,52,7/7/2021
Comobabi,AZ,2020,44,7/7/2020
Concho,AZ,2021,58,7/7/2021
Concho,AZ,2020,54,7/7/2020
Congress,AZ,2021,1779,7/7/2021
Congress,AZ,2020,1811,7/7/2020
Coolidge,AZ,2021,13496,7/7/2021
Coolidge,AZ,2020,13218,7/7/2020
Coolidge,AZ,2019,13130,7/7/2019
Coolidge,AZ,2018,12927,7/7/2018
Coolidge,AZ,2017,12695,7/7/2017
Coolidge,AZ,2016,12468,7/7/2016
Coolidge,AZ,2015,12197,7/7/2015
Coolidge,AZ,2014,12007,7/7/2014
Coolidge,AZ,2013,11843,7/7/2013
Coolidge,AZ,2012,11818,7/7/2012
Coolidge,AZ,2011,11793,7/7/2011
Coolidge,AZ,2010,11882,7/7/2010
Coolidge,AZ,2009,11079,7/7/2009
Coolidge,AZ,2008,10607,7/7/2008
Coolidge,AZ,2007,9899,7/7/2007
Coolidge,AZ,2006,8300,7/7/2006
Coolidge,AZ,2005,8573,7/7/2005
Coolidge,AZ,2004,8777,7/7/2004
Coolidge,AZ,2003,8909,7/7/2003
Coolidge,AZ,2002,8871,7/7/2002
Coolidge,AZ,2001,8756,7/7/2001
Coolidge,AZ,2000,8515,7/7/2000
Copper Hill,AZ,2021,168,7/7/2021
Copper Hill,AZ,2020,158,7/7/2020
Cordes Lakes,AZ,2021,2694,7/7/2021
Cordes Lakes,AZ,2020,2684,7/7/2020
Cornfields,AZ,2021,215,7/7/2021
Cornfields,AZ,2020,221,7/7/2020
Cornville,AZ,2021,3378,7/7/2021
Cornville,AZ,2020,3362,7/7/2020
Corona de Tucson,AZ,2021,9952,7/7/2021
Corona de Tucson,AZ,2020,9240,7/7/2020
Cottonwood,AZ,2021,12181,7/7/2021
Cottonwood,AZ,2020,12029,7/7/2020
Cottonwood,AZ,2019,12253,7/7/2019
Cottonwood,AZ,2018,12161,7/7/2018
Cottonwood,AZ,2017,11988,7/7/2017
Cottonwood,AZ,2016,11849,7/7/2016
Cottonwood,AZ,2015,11567,7/7/2015
Cottonwood,AZ,2014,11422,7/7/2014
Cottonwood,AZ,2013,11251,7/7/2013
Cottonwood,AZ,2012,11149,7/7/2012
Cottonwood,AZ,2011,11131,7/7/2011
Cottonwood,AZ,2010,11166,7/7/2010
Cottonwood,AZ,2009,11361,7/7/2009
Cottonwood,AZ,2008,11385,7/7/2008
Cottonwood,AZ,2007,11260,7/7/2007
Cottonwood,AZ,2006,11110,7/7/2006
Cottonwood,AZ,2005,10846,7/7/2005
Cottonwood,AZ,2004,10376,7/7/2004
Cottonwood,AZ,2003,10191,7/7/2003
Cottonwood,AZ,2002,10097,7/7/2002
Cottonwood,AZ,2001,9790,7/7/2001
Cottonwood,AZ,2000,9385,7/7/2000
Cowlic,AZ,2021,99,7/7/2021
Cowlic,AZ,2020,105,7/7/2020
Crozier,AZ,2021,23,7/7/2021
Crozier,AZ,2020,21,7/7/2020
Crystal Beach,AZ,2021,244,7/7/2021
Crystal Beach,AZ,2020,250,7/7/2020
Cutter,AZ,2021,86,7/7/2021
Cutter,AZ,2020,84,7/7/2020
Dateland,AZ,2021,225,7/7/2021
Dateland,AZ,2020,257,7/7/2020
Deer Creek,AZ,2021,232,7/7/2021
Deer Creek,AZ,2020,230,7/7/2020
Del Muerto,AZ,2021,244,7/7/2021
Del Muerto,AZ,2020,258,7/7/2020
Dennehotso,AZ,2021,555,7/7/2021
Dennehotso,AZ,2020,587,7/7/2020
Desert Hills,AZ,2021,2868,7/7/2021
Desert Hills,AZ,2020,2764,7/7/2020
Dewey-Humboldt,AZ,2021,4412,7/7/2021
Dewey-Humboldt,AZ,2020,4326,7/7/2020
Dewey-Humboldt,AZ,2019,4137,7/7/2019
Dewey-Humboldt,AZ,2018,4104,7/7/2018
Dewey-Humboldt,AZ,2017,4065,7/7/2017
Dewey-Humboldt,AZ,2016,4034,7/7/2016
Dewey-Humboldt,AZ,2015,3978,7/7/2015
Dewey-Humboldt,AZ,2014,3957,7/7/2014
Dewey-Humboldt,AZ,2013,3923,7/7/2013
Dewey-Humboldt,AZ,2012,3899,7/7/2012
Dewey-Humboldt,AZ,2011,3886,7/7/2011
Dewey-Humboldt,AZ,2010,3897,7/7/2010
Dewey-Humboldt,AZ,2009,3809,7/7/2009
Dewey-Humboldt,AZ,2008,3827,7/7/2008
Dewey-Humboldt,AZ,2007,3769,7/7/2007
Dewey-Humboldt,AZ,2006,3677,7/7/2006
Dewey-Humboldt,AZ,2005,3580,7/7/2005
Dewey-Humboldt,AZ,2004,3549,7/7/2004
Dewey-Humboldt,AZ,2003,3482,7/7/2003
Dewey-Humboldt,AZ,2002,3481,7/7/2002
Dewey-Humboldt,AZ,2001,3450,7/7/2001
Dewey-Humboldt,AZ,2000,3431,7/7/2000
Dilkon,AZ,2021,1196,7/7/2021
Dilkon,AZ,2020,1194,7/7/2020
Dolan Springs,AZ,2021,1674,7/7/2021
Dolan Springs,AZ,2020,1734,7/7/2020
Doney Park,AZ,2021,6014,7/7/2021
Doney Park,AZ,2020,5910,7/7/2020
Donovan Estates,AZ,2021,1253,7/7/2021
Donovan Estates,AZ,2020,1295,7/7/2020
Douglas,AZ,2021,16366,7/7/2021
Douglas,AZ,2020,16534,7/7/2020
Douglas,AZ,2019,16193,7/7/2019
Douglas,AZ,2018,15932,7/7/2018
Douglas,AZ,2017,16181,7/7/2017
Douglas,AZ,2016,16600,7/7/2016
Douglas,AZ,2015,16592,7/7/2015
Douglas,AZ,2014,16774,7/7/2014
Douglas,AZ,2013,16836,7/7/2013
Douglas,AZ,2012,16988,7/7/2012
Douglas,AZ,2011,17576,7/7/2011
Douglas,AZ,2010,17609,7/7/2010
Douglas,AZ,2009,17451,7/7/2009
Douglas,AZ,2008,17384,7/7/2008
Douglas,AZ,2007,17232,7/7/2007
Douglas,AZ,2006,17045,7/7/2006
Douglas,AZ,2005,16869,7/7/2005
Douglas,AZ,2004,16493,7/7/2004
Douglas,AZ,2003,16454,7/7/2003
Douglas,AZ,2002,16443,7/7/2002
Douglas,AZ,2001,16407,7/7/2001
Douglas,AZ,2000,16592,7/7/2000
Dragoon,AZ,2021,172,7/7/2021
Dragoon,AZ,2020,178,7/7/2020
Drexel Heights,AZ,2021,27477,7/7/2021
Drexel Heights,AZ,2020,27523,7/7/2020
Dripping Springs,AZ,2021,124,7/7/2021
Dripping Springs,AZ,2020,142,7/7/2020
Drysdale,AZ,2021,215,7/7/2021
Drysdale,AZ,2020,225,7/7/2020
Dudleyville,AZ,2021,525,7/7/2021
Dudleyville,AZ,2020,597,7/7/2020
Duncan,AZ,2021,694,7/7/2021
Duncan,AZ,2020,694,7/7/2020
Duncan,AZ,2019,788,7/7/2019
Duncan,AZ,2018,785,7/7/2018
Duncan,AZ,2017,787,7/7/2017
Duncan,AZ,2016,806,7/7/2016
Duncan,AZ,2015,804,7/7/2015
Duncan,AZ,2014,786,7/7/2014
Duncan,AZ,2013,749,7/7/2013
Duncan,AZ,2012,728,7/7/2012
Duncan,AZ,2011,712,7/7/2011
Duncan,AZ,2010,689,7/7/2010
Duncan,AZ,2008,782,7/7/2008
Duncan,AZ,2007,736,7/7/2007
Duncan,AZ,2006,708,7/7/2006
Duncan,AZ,2005,693,7/7/2005
Duncan,AZ,2004,694,7/7/2004
Duncan,AZ,2003,701,7/7/2003
Duncan,AZ,2002,732,7/7/2002
Duncan,AZ,2001,787,7/7/2001
Duncan,AZ,2000,812,7/7/2000
Eagar,AZ,2021,4297,7/7/2021
Eagar,AZ,2020,4395,7/7/2020
Eagar,AZ,2019,4941,7/7/2019
Eagar,AZ,2018,4893,7/7/2018
Eagar,AZ,2017,4873,7/7/2017
Eagar,AZ,2016,4865,7/7/2016
Eagar,AZ,2015,4853,7/7/2015
Eagar,AZ,2014,4909,7/7/2014
Eagar,AZ,2013,4946,7/7/2013
Eagar,AZ,2012,4934,7/7/2012
Eagar,AZ,2011,4924,7/7/2011
Eagar,AZ,2010,4914,7/7/2010
Eagar,AZ,2009,4516,7/7/2009
Eagar,AZ,2008,4439,7/7/2008
Eagar,AZ,2007,4371,7/7/2007
Eagar,AZ,2006,4162,7/7/2006
Eagar,AZ,2005,4061,7/7/2005
Eagar,AZ,2004,4008,7/7/2004
Eagar,AZ,2003,3989,7/7/2003
Eagar,AZ,2002,3943,7/7/2002
Eagar,AZ,2001,3967,7/7/2001
Eagar,AZ,2000,4044,7/7/2000
East Fork,AZ,2021,666,7/7/2021
East Fork,AZ,2020,672,7/7/2020
East Globe,AZ,2021,265,7/7/2021
East Globe,AZ,2020,259,7/7/2020
East Verde Estates,AZ,2021,147,7/7/2021
East Verde Estates,AZ,2020,151,7/7/2020
Ehrenberg,AZ,2021,621,7/7/2021
Ehrenberg,AZ,2020,763,7/7/2020
El Capitan,AZ,2021,50,7/7/2021
El Capitan,AZ,2020,48,7/7/2020
El Mirage,AZ,2021,36607,7/7/2021
El Mirage,AZ,2020,35805,7/7/2020
El Mirage,AZ,2019,35753,7/7/2019
El Mirage,AZ,2018,35549,7/7/2018
El Mirage,AZ,2017,35409,7/7/2017
El Mirage,AZ,2016,35185,7/7/2016
El Mirage,AZ,2015,34733,7/7/2015
El Mirage,AZ,2014,34068,7/7/2014
El Mirage,AZ,2013,33479,7/7/2013
El Mirage,AZ,2012,32850,7/7/2012
El Mirage,AZ,2011,32256,7/7/2011
El Mirage,AZ,2010,31807,7/7/2010
El Mirage,AZ,2009,24814,7/7/2009
El Mirage,AZ,2008,24777,7/7/2008
El Mirage,AZ,2007,24703,7/7/2007
El Mirage,AZ,2006,23980,7/7/2006
El Mirage,AZ,2005,23354,7/7/2005
El Mirage,AZ,2004,22379,7/7/2004
El Mirage,AZ,2003,20943,7/7/2003
El Mirage,AZ,2002,17050,7/7/2002
El Mirage,AZ,2001,11875,7/7/2001
El Mirage,AZ,2000,8375,7/7/2000
El Prado Estates,AZ,2021,284,7/7/2021
El Prado Estates,AZ,2020,320,7/7/2020
Elephant Head,AZ,2021,584,7/7/2021
Elephant Head,AZ,2020,588,7/7/2020
Elfrida,AZ,2021,413,7/7/2021
Elfrida,AZ,2020,421,7/7/2020
Elgin,AZ,2021,162,7/7/2021
Elgin,AZ,2020,162,7/7/2020
Eloy,AZ,2021,15435,7/7/2021
Eloy,AZ,2020,15635,7/7/2020
Eloy,AZ,2019,19625,7/7/2019
Eloy,AZ,2018,19339,7/7/2018
Eloy,AZ,2017,19190,7/7/2017
Eloy,AZ,2016,17355,7/7/2016
Eloy,AZ,2015,17822,7/7/2015
Eloy,AZ,2014,16555,7/7/2014
Eloy,AZ,2013,16841,7/7/2013
Eloy,AZ,2012,17270,7/7/2012
Eloy,AZ,2011,16957,7/7/2011
Eloy,AZ,2010,16824,7/7/2010
Eloy,AZ,2009,13308,7/7/2009
Eloy,AZ,2008,12932,7/7/2008
Eloy,AZ,2007,12070,7/7/2007
Eloy,AZ,2006,10798,7/7/2006
Eloy,AZ,2005,10902,7/7/2005
Eloy,AZ,2004,10862,7/7/2004
Eloy,AZ,2003,10934,7/7/2003
Eloy,AZ,2002,10807,7/7/2002
Eloy,AZ,2001,10645,7/7/2001
Eloy,AZ,2000,10512,7/7/2000
First Mesa,AZ,2021,1312,7/7/2021
First Mesa,AZ,2020,1352,7/7/2020
Flagstaff,AZ,2021,79023,7/7/2021
Flagstaff,AZ,2020,76831,7/7/2020
Flagstaff,AZ,2019,75038,7/7/2019
Flagstaff,AZ,2018,73762,7/7/2018
Flagstaff,AZ,2017,72037,7/7/2017
Flagstaff,AZ,2016,71149,7/7/2016
Flagstaff,AZ,2015,69966,7/7/2015
Flagstaff,AZ,2014,68609,7/7/2014
Flagstaff,AZ,2013,68090,7/7/2013
Flagstaff,AZ,2012,67913,7/7/2012
Flagstaff,AZ,2011,66071,7/7/2011
Flagstaff,AZ,2010,66088,7/7/2010
Flagstaff,AZ,2009,60611,7/7/2009
Flagstaff,AZ,2008,59956,7/7/2008
Flagstaff,AZ,2007,59562,7/7/2007
Flagstaff,AZ,2006,58519,7/7/2006
Flagstaff,AZ,2005,57681,7/7/2005
Flagstaff,AZ,2004,57177,7/7/2004
Flagstaff,AZ,2003,55840,7/7/2003
Flagstaff,AZ,2002,55047,7/7/2002
Flagstaff,AZ,2001,53632,7/7/2001
Flagstaff,AZ,2000,53095,7/7/2000
Florence,AZ,2021,27035,7/7/2021
Florence,AZ,2020,26785,7/7/2020
Florence,AZ,2019,27422,7/7/2019
Florence,AZ,2018,26896,7/7/2018
Florence,AZ,2017,25879,7/7/2017
Florence,AZ,2016,25880,7/7/2016
Florence,AZ,2015,26041,7/7/2015
Florence,AZ,2014,26263,7/7/2014
Florence,AZ,2013,25059,7/7/2013
Florence,AZ,2012,25955,7/7/2012
Florence,AZ,2011,25802,7/7/2011
Florence,AZ,2010,26187,7/7/2010
Florence,AZ,2009,21769,7/7/2009
Florence,AZ,2008,20897,7/7/2008
Florence,AZ,2007,19742,7/7/2007
Florence,AZ,2006,17962,7/7/2006
Florence,AZ,2005,17328,7/7/2005
Florence,AZ,2004,18300,7/7/2004
Florence,AZ,2003,18484,7/7/2003
Florence,AZ,2002,18129,7/7/2002
Florence,AZ,2001,17656,7/7/2001
Florence,AZ,2000,17308,7/7/2000
Flowing Springs,AZ,2021,32,7/7/2021
Flowing Springs,AZ,2020,34,7/7/2020
Flowing Wells,AZ,2021,15505,7/7/2021
Flowing Wells,AZ,2020,15657,7/7/2020
Fort Apache,AZ,2021,107,7/7/2021
Fort Apache,AZ,2020,113,7/7/2020
Fort Defiance,AZ,2021,3525,7/7/2021
Fort Defiance,AZ,2020,3541,7/7/2020
Fort Mohave,AZ,2021,16556,7/7/2021
Fort Mohave,AZ,2020,16190,7/7/2020
Fort Thomas,AZ,2021,307,7/7/2021
Fort Thomas,AZ,2020,319,7/7/2020
Fort Valley,AZ,2021,1862,7/7/2021
Fort Valley,AZ,2020,1682,7/7/2020
Fortuna Foothills,AZ,2021,28078,7/7/2021
Fortuna Foothills,AZ,2020,27776,7/7/2020
Fountain Hills,AZ,2021,24086,7/7/2021
Fountain Hills,AZ,2020,23820,7/7/2020
Fountain Hills,AZ,2019,25200,7/7/2019
Fountain Hills,AZ,2018,24922,7/7/2018
Fountain Hills,AZ,2017,24729,7/7/2017
Fountain Hills,AZ,2016,24536,7/7/2016
Fountain Hills,AZ,2015,24255,7/7/2015
Fountain Hills,AZ,2014,23882,7/7/2014
Fountain Hills,AZ,2013,23554,7/7/2013
Fountain Hills,AZ,2012,23241,7/7/2012
Fountain Hills,AZ,2011,22825,7/7/2011
Fountain Hills,AZ,2010,22513,7/7/2010
Fountain Hills,AZ,2009,25388,7/7/2009
Fountain Hills,AZ,2008,25254,7/7/2008
Fountain Hills,AZ,2007,25093,7/7/2007
Fountain Hills,AZ,2006,24632,7/7/2006
Fountain Hills,AZ,2005,23649,7/7/2005
Fountain Hills,AZ,2004,22887,7/7/2004
Fountain Hills,AZ,2003,22493,7/7/2003
Fountain Hills,AZ,2002,22138,7/7/2002
Fountain Hills,AZ,2001,21499,7/7/2001
Fountain Hills,AZ,2000,20482,7/7/2000
Franklin,AZ,2021,71,7/7/2021
Franklin,AZ,2020,75,7/7/2020
Fredonia,AZ,2021,1325,7/7/2021
Fredonia,AZ,2020,1323,7/7/2020
Fredonia,AZ,2019,1281,7/7/2019
Fredonia,AZ,2018,1297,7/7/2018
Fredonia,AZ,2017,1306,7/7/2017
Fredonia,AZ,2016,1319,7/7/2016
Fredonia,AZ,2015,1319,7/7/2015
Fredonia,AZ,2014,1322,7/7/2014
Fredonia,AZ,2013,1319,7/7/2013
Fredonia,AZ,2012,1315,7/7/2012
Fredonia,AZ,2011,1321,7/7/2011
Fredonia,AZ,2010,1332,7/7/2010
Fredonia,AZ,2009,1145,7/7/2009
Fredonia,AZ,2008,1130,7/7/2008
Fredonia,AZ,2007,1102,7/7/2007
Fredonia,AZ,2006,1077,7/7/2006
Fredonia,AZ,2005,1063,7/7/2005
Fredonia,AZ,2004,1055,7/7/2004
Fredonia,AZ,2003,1052,7/7/2003
Fredonia,AZ,2002,1059,7/7/2002
Fredonia,AZ,2001,1039,7/7/2001
Fredonia,AZ,2000,1037,7/7/2000
Freedom Acres,AZ,2021,92,7/7/2021
Freedom Acres,AZ,2020,90,7/7/2020
Gadsden,AZ,2021,549,7/7/2021
Gadsden,AZ,2020,571,7/7/2020
Ganado,AZ,2021,817,7/7/2021
Ganado,AZ,2020,883,7/7/2020
Geronimo Estates,AZ,2021,24,7/7/2021
Geronimo Estates,AZ,2020,30,7/7/2020
Gila Bend,AZ,2021,1886,7/7/2021
Gila Bend,AZ,2020,1892,7/7/2020
Gila Bend,AZ,2019,2100,7/7/2019
Gila Bend,AZ,2018,2087,7/7/2018
Gila Bend,AZ,2017,2081,7/7/2017
Gila Bend,AZ,2016,2073,7/7/2016
Gila Bend,AZ,2015,2054,7/7/2015
Gila Bend,AZ,2014,2028,7/7/2014
Gila Bend,AZ,2013,2005,7/7/2013
Gila Bend,AZ,2012,1980,7/7/2012
Gila Bend,AZ,2011,1946,7/7/2011
Gila Bend,AZ,2010,1922,7/7/2010
Gila Bend,AZ,2009,1834,7/7/2009
Gila Bend,AZ,2008,1833,7/7/2008
Gila Bend,AZ,2007,1825,7/7/2007
Gila Bend,AZ,2006,1807,7/7/2006
Gila Bend,AZ,2005,1819,7/7/2005
Gila Bend,AZ,2004,1847,7/7/2004
Gila Bend,AZ,2003,1891,7/7/2003
Gila Bend,AZ,2002,1934,7/7/2002
Gila Bend,AZ,2001,1967,7/7/2001
Gila Bend,AZ,2000,1998,7/7/2000
Gila Crossing,AZ,2021,640,7/7/2021
Gila Crossing,AZ,2020,636,7/7/2020
Gilbert,AZ,2021,279810,7/7/2021
Gilbert,AZ,2020,267918,7/7/2020
Gilbert,AZ,2019,254114,7/7/2019
Gilbert,AZ,2018,249914,7/7/2018
Gilbert,AZ,2017,242695,7/7/2017
Gilbert,AZ,2016,237139,7/7/2016
Gilbert,AZ,2015,232401,7/7/2015
Gilbert,AZ,2014,227308,7/7/2014
Gilbert,AZ,2013,221626,7/7/2013
Gilbert,AZ,2012,215916,7/7/2012
Gilbert,AZ,2011,211466,7/7/2011
Gilbert,AZ,2010,209493,7/7/2010
Gilbert,AZ,2009,222075,7/7/2009
Gilbert,AZ,2008,216661,7/7/2008
Gilbert,AZ,2007,206604,7/7/2007
Gilbert,AZ,2006,196293,7/7/2006
Gilbert,AZ,2005,182713,7/7/2005
Gilbert,AZ,2004,164513,7/7/2004
Gilbert,AZ,2003,152481,7/7/2003
Gilbert,AZ,2002,141077,7/7/2002
Gilbert,AZ,2001,127900,7/7/2001
Gilbert,AZ,2000,117306,7/7/2000
Gisela,AZ,2021,530,7/7/2021
Gisela,AZ,2020,536,7/7/2020
Glendale,AZ,2021,252645,7/7/2021
Glendale,AZ,2020,248325,7/7/2020
Glendale,AZ,2019,252381,7/7/2019
Glendale,AZ,2018,249955,7/7/2018
Glendale,AZ,2017,247784,7/7/2017
Glendale,AZ,2016,245903,7/7/2016
Glendale,AZ,2015,243103,7/7/2015
Glendale,AZ,2014,239964,7/7/2014
Glendale,AZ,2013,236869,7/7/2013
Glendale,AZ,2012,233588,7/7/2012
Glendale,AZ,2011,229304,7/7/2011
Glendale,AZ,2010,226236,7/7/2010
Glendale,AZ,2009,253209,7/7/2009
Glendale,AZ,2008,251772,7/7/2008
Glendale,AZ,2007,250936,7/7/2007
Glendale,AZ,2006,247180,7/7/2006
Glendale,AZ,2005,244230,7/7/2005
Glendale,AZ,2004,239423,7/7/2004
Glendale,AZ,2003,235940,7/7/2003
Glendale,AZ,2002,232394,7/7/2002
Glendale,AZ,2001,230261,7/7/2001
Glendale,AZ,2000,221780,7/7/2000
Globe,AZ,2021,7193,7/7/2021
Globe,AZ,2020,7249,7/7/2020
Globe,AZ,2019,7347,7/7/2019
Globe,AZ,2018,7336,7/7/2018
Globe,AZ,2017,7361,7/7/2017
Globe,AZ,2016,7341,7/7/2016
Globe,AZ,2015,7315,7/7/2015
Globe,AZ,2014,7336,7/7/2014
Globe,AZ,2013,7348,7/7/2013
Globe,AZ,2012,7387,7/7/2012
Globe,AZ,2011,7497,7/7/2011
Globe,AZ,2010,7525,7/7/2010
Globe,AZ,2009,7157,7/7/2009
Globe,AZ,2008,7193,7/7/2008
Globe,AZ,2007,7099,7/7/2007
Globe,AZ,2006,7069,7/7/2006
Globe,AZ,2005,7081,7/7/2005
Globe,AZ,2004,7133,7/7/2004
Globe,AZ,2003,7197,7/7/2003
Globe,AZ,2002,7308,7/7/2002
Globe,AZ,2001,7370,7/7/2001
Globe,AZ,2000,7473,7/7/2000
Golden Shores,AZ,2021,1903,7/7/2021
Golden Shores,AZ,2020,1927,7/7/2020
Golden Valley,AZ,2021,8887,7/7/2021
Golden Valley,AZ,2020,8801,7/7/2020
Goodyear,AZ,2021,101298,7/7/2021
Goodyear,AZ,2020,95294,7/7/2020
Goodyear,AZ,2019,86840,7/7/2019
Goodyear,AZ,2018,82873,7/7/2018
Goodyear,AZ,2017,79945,7/7/2017
Goodyear,AZ,2016,77412,7/7/2016
Goodyear,AZ,2015,74815,7/7/2015
Goodyear,AZ,2014,72346,7/7/2014
Goodyear,AZ,2013,70392,7/7/2013
Goodyear,AZ,2012,67822,7/7/2012
Goodyear,AZ,2011,66589,7/7/2011
Goodyear,AZ,2010,65502,7/7/2010
Goodyear,AZ,2009,63688,7/7/2009
Goodyear,AZ,2008,59548,7/7/2008
Goodyear,AZ,2007,54136,7/7/2007
Goodyear,AZ,2006,48618,7/7/2006
Goodyear,AZ,2005,42303,7/7/2005
Goodyear,AZ,2004,35652,7/7/2004
Goodyear,AZ,2003,30625,7/7/2003
Goodyear,AZ,2002,26604,7/7/2002
Goodyear,AZ,2001,22307,7/7/2001
Goodyear,AZ,2000,19636,7/7/2000
Goodyear Village,AZ,2021,465,7/7/2021
Goodyear Village,AZ,2020,463,7/7/2020
Grand Canyon Village,AZ,2021,1740,7/7/2021
Grand Canyon Village,AZ,2020,1784,7/7/2020
Grand Canyon West,AZ,2021,0,7/7/2021
Grand Canyon West,AZ,2020,0,7/7/2020
Greasewood,AZ,2021,336,7/7/2021
Greasewood,AZ,2020,372,7/7/2020
Green Valley,AZ,2021,22860,7/7/2021
Green Valley,AZ,2020,22616,7/7/2020
Greer,AZ,2021,62,7/7/2021
Greer,AZ,2020,58,7/7/2020
Gu Oidak,AZ,2021,114,7/7/2021
Gu Oidak,AZ,2020,126,7/7/2020
Guadalupe,AZ,2021,5282,7/7/2021
Guadalupe,AZ,2020,5322,7/7/2020
Guadalupe,AZ,2019,6631,7/7/2019
Guadalupe,AZ,2018,6574,7/7/2018
Guadalupe,AZ,2017,6556,7/7/2017
Guadalupe,AZ,2016,6365,7/7/2016
Guadalupe,AZ,2015,6288,7/7/2015
Guadalupe,AZ,2014,6210,7/7/2014
Guadalupe,AZ,2013,6110,7/7/2013
Guadalupe,AZ,2012,6000,7/7/2012
Guadalupe,AZ,2011,5874,7/7/2011
Guadalupe,AZ,2010,5529,7/7/2010
Guadalupe,AZ,2009,5972,7/7/2009
Guadalupe,AZ,2008,5954,7/7/2008
Guadalupe,AZ,2007,5586,7/7/2007
Guadalupe,AZ,2006,5549,7/7/2006
Guadalupe,AZ,2005,5516,7/7/2005
Guadalupe,AZ,2004,5445,7/7/2004
Guadalupe,AZ,2003,5381,7/7/2003
Guadalupe,AZ,2002,5374,7/7/2002
Guadalupe,AZ,2001,5256,7/7/2001
Guadalupe,AZ,2000,5231,7/7/2000
Hackberry,AZ,2021,111,7/7/2021
Hackberry,AZ,2020,103,7/7/2020
Haigler Creek,AZ,2021,39,7/7/2021
Haigler Creek,AZ,2020,35,7/7/2020
Haivana Nakya,AZ,2021,68,7/7/2021
Haivana Nakya,AZ,2020,72,7/7/2020
Hard Rock,AZ,2021,26,7/7/2021
Hard Rock,AZ,2020,38,7/7/2020
Hayden,AZ,2021,482,7/7/2021
Hayden,AZ,2020,512,7/7/2020
Hayden,AZ,2019,631,7/7/2019
Hayden,AZ,2018,632,7/7/2018
Hayden,AZ,2017,632,7/7/2017
Hayden,AZ,2016,633,7/7/2016
Hayden,AZ,2015,644,7/7/2015
Hayden,AZ,2014,647,7/7/2014
Hayden,AZ,2013,648,7/7/2013
Hayden,AZ,2012,650,7/7/2012
Hayden,AZ,2011,657,7/7/2011
Hayden,AZ,2010,660,7/7/2010
Hayden,AZ,2009,808,7/7/2009
Hayden,AZ,2008,814,7/7/2008
Hayden,AZ,2007,822,7/7/2007
Hayden,AZ,2006,823,7/7/2006
Hayden,AZ,2005,826,7/7/2005
Hayden,AZ,2004,835,7/7/2004
Hayden,AZ,2003,846,7/7/2003
Hayden,AZ,2002,862,7/7/2002
Hayden,AZ,2001,871,7/7/2001
Hayden,AZ,2000,889,7/7/2000
Heber-Overgaard,AZ,2021,2914,7/7/2021
Heber-Overgaard,AZ,2020,2898,7/7/2020
Holbrook,AZ,2021,4818,7/7/2021
Holbrook,AZ,2020,4858,7/7/2020
Holbrook,AZ,2019,5084,7/7/2019
Holbrook,AZ,2018,5082,7/7/2018
Holbrook,AZ,2017,5056,7/7/2017
Holbrook,AZ,2016,5022,7/7/2016
Holbrook,AZ,2015,4987,7/7/2015
Holbrook,AZ,2014,4998,7/7/2014
Holbrook,AZ,2013,4986,7/7/2013
Holbrook,AZ,2012,5007,7/7/2012
Holbrook,AZ,2011,5016,7/7/2011
Holbrook,AZ,2010,5053,7/7/2010
Holbrook,AZ,2009,5083,7/7/2009
Holbrook,AZ,2008,5076,7/7/2008
Holbrook,AZ,2007,5085,7/7/2007
Holbrook,AZ,2006,5083,7/7/2006
Holbrook,AZ,2005,5092,7/7/2005
Holbrook,AZ,2004,5080,7/7/2004
Holbrook,AZ,2003,5066,7/7/2003
Holbrook,AZ,2002,5033,7/7/2002
Holbrook,AZ,2001,4948,7/7/2001
Holbrook,AZ,2000,4967,7/7/2000
Hondah,AZ,2021,814,7/7/2021
Hondah,AZ,2020,814,7/7/2020
Hotevilla-Bacavi,AZ,2021,1009,7/7/2021
Hotevilla-Bacavi,AZ,2020,1001,7/7/2020
Houck,AZ,2021,858,7/7/2021
Houck,AZ,2020,886,7/7/2020
Huachuca City,AZ,2021,1580,7/7/2021
Huachuca City,AZ,2020,1626,7/7/2020
Huachuca City,AZ,2019,1736,7/7/2019
Huachuca City,AZ,2018,1733,7/7/2018
Huachuca City,AZ,2017,1731,7/7/2017
Huachuca City,AZ,2016,1742,7/7/2016
Huachuca City,AZ,2015,1762,7/7/2015
Huachuca City,AZ,2014,1781,7/7/2014
Huachuca City,AZ,2013,1807,7/7/2013
Huachuca City,AZ,2012,1836,7/7/2012
Huachuca City,AZ,2011,1867,7/7/2011
Huachuca City,AZ,2010,1861,7/7/2010
Huachuca City,AZ,2009,1956,7/7/2009
Huachuca City,AZ,2008,1952,7/7/2008
Huachuca City,AZ,2007,1953,7/7/2007
Huachuca City,AZ,2006,1852,7/7/2006
Huachuca City,AZ,2005,1881,7/7/2005
Huachuca City,AZ,2004,1870,7/7/2004
Huachuca City,AZ,2003,1815,7/7/2003
Huachuca City,AZ,2002,1772,7/7/2002
Huachuca City,AZ,2001,1757,7/7/2001
Huachuca City,AZ,2000,1754,7/7/2000
Hunter Creek,AZ,2021,51,7/7/2021
Hunter Creek,AZ,2020,51,7/7/2020
Icehouse Canyon,AZ,2021,554,7/7/2021
Icehouse Canyon,AZ,2020,574,7/7/2020
Indian Wells,AZ,2021,228,7/7/2021
Indian Wells,AZ,2020,232,7/7/2020
Jakes Corner,AZ,2021,102,7/7/2021
Jakes Corner,AZ,2020,98,7/7/2020
Jeddito,AZ,2021,356,7/7/2021
Jeddito,AZ,2020,346,7/7/2020
Jerome,AZ,2021,468,7/7/2021
Jerome,AZ,2020,464,7/7/2020
Jerome,AZ,2019,455,7/7/2019
Jerome,AZ,2018,457,7/7/2018
Jerome,AZ,2017,455,7/7/2017
Jerome,AZ,2016,455,7/7/2016
Jerome,AZ,2015,453,7/7/2015
Jerome,AZ,2014,451,7/7/2014
Jerome,AZ,2013,447,7/7/2013
Jerome,AZ,2012,444,7/7/2012
Jerome,AZ,2011,444,7/7/2011
Jerome,AZ,2010,445,7/7/2010
Jerome,AZ,2009,378,7/7/2009
Jerome,AZ,2008,379,7/7/2008
Jerome,AZ,2007,380,7/7/2007
Jerome,AZ,2006,376,7/7/2006
Jerome,AZ,2005,369,7/7/2005
Jerome,AZ,2004,366,7/7/2004
Jerome,AZ,2003,362,7/7/2003
Jerome,AZ,2002,362,7/7/2002
Jerome,AZ,2001,360,7/7/2001
Jerome,AZ,2000,359,7/7/2000
Joseph City,AZ,2021,1291,7/7/2021
Joseph City,AZ,2020,1307,7/7/2020
Kachina Village,AZ,2021,2478,7/7/2021
Kachina Village,AZ,2020,2502,7/7/2020
Kaibab,AZ,2021,144,7/7/2021
Kaibab,AZ,2020,140,7/7/2020
Kaibito,AZ,2021,1544,7/7/2021
Kaibito,AZ,2020,1540,7/7/2020
Kaka,AZ,2021,71,7/7/2021
Kaka,AZ,2020,83,7/7/2020
Katherine,AZ,2021,70,7/7/2021
Katherine,AZ,2020,76,7/7/2020
Kayenta,AZ,2021,4566,7/7/2021
Kayenta,AZ,2020,4670,7/7/2020
Keams Canyon,AZ,2021,257,7/7/2021
Keams Canyon,AZ,2020,265,7/7/2020
Kearny,AZ,2021,1699,7/7/2021
Kearny,AZ,2020,1741,7/7/2020
Kearny,AZ,2019,2168,7/7/2019
Kearny,AZ,2018,2137,7/7/2018
Kearny,AZ,2017,2100,7/7/2017
Kearny,AZ,2016,2063,7/7/2016
Kearny,AZ,2015,2016,7/7/2015
Kearny,AZ,2014,1981,7/7/2014
Kearny,AZ,2013,1943,7/7/2013
Kearny,AZ,2012,1940,7/7/2012
Kearny,AZ,2011,1933,7/7/2011
Kearny,AZ,2010,1956,7/7/2010
Kearny,AZ,2009,3446,7/7/2009
Kearny,AZ,2008,3311,7/7/2008
Kearny,AZ,2007,3113,7/7/2007
Kearny,AZ,2006,2866,7/7/2006
Kearny,AZ,2005,2738,7/7/2005
Kearny,AZ,2004,2598,7/7/2004
Kearny,AZ,2003,2490,7/7/2003
Kearny,AZ,2002,2389,7/7/2002
Kearny,AZ,2001,2319,7/7/2001
Kearny,AZ,2000,2263,7/7/2000
Kingman,AZ,2021,33613,7/7/2021
Kingman,AZ,2020,32689,7/7/2020
Kingman,AZ,2019,31013,7/7/2019
Kingman,AZ,2018,30288,7/7/2018
Kingman,AZ,2017,29391,7/7/2017
Kingman,AZ,2016,29068,7/7/2016
Kingman,AZ,2015,28842,7/7/2015
Kingman,AZ,2014,28532,7/7/2014
Kingman,AZ,2013,28417,7/7/2013
Kingman,AZ,2012,28372,7/7/2012
Kingman,AZ,2011,28320,7/7/2011
Kingman,AZ,2010,28139,7/7/2010
Kingman,AZ,2009,27521,7/7/2009
Kingman,AZ,2008,27519,7/7/2008
Kingman,AZ,2007,27435,7/7/2007
Kingman,AZ,2006,26886,7/7/2006
Kingman,AZ,2005,25160,7/7/2005
Kingman,AZ,2004,23872,7/7/2004
Kingman,AZ,2003,22828,7/7/2003
Kingman,AZ,2002,22039,7/7/2002
Kingman,AZ,2001,21393,7/7/2001
Kingman,AZ,2000,21036,7/7/2000
Kino Springs,AZ,2021,172,7/7/2021
Kino Springs,AZ,2020,166,7/7/2020
Klagetoh,AZ,2021,169,7/7/2021
Klagetoh,AZ,2020,181,7/7/2020
Kohatk,AZ,2021,39,7/7/2021
Kohatk,AZ,2020,37,7/7/2020
Kohls Ranch,AZ,2021,26,7/7/2021
Kohls Ranch,AZ,2020,30,7/7/2020
Komatke,AZ,2021,1051,7/7/2021
Komatke,AZ,2020,1013,7/7/2020
Kykotsmovi Village,AZ,2021,734,7/7/2021
Kykotsmovi Village,AZ,2020,736,7/7/2020
La Paz Valley,AZ,2021,302,7/7/2021
La Paz Valley,AZ,2020,368,7/7/2020
Lake Havasu City,AZ,2021,58068,7/7/2021
Lake Havasu City,AZ,2020,57144,7/7/2020
Lake Havasu City,AZ,2019,55865,7/7/2019
Lake Havasu City,AZ,2018,55020,7/7/2018
Lake Havasu City,AZ,2017,54380,7/7/2017
Lake Havasu City,AZ,2016,53800,7/7/2016
Lake Havasu City,AZ,2015,53399,7/7/2015
Lake Havasu City,AZ,2014,53030,7/7/2014
Lake Havasu City,AZ,2013,52786,7/7/2013
Lake Havasu City,AZ,2012,52794,7/7/2012
Lake Havasu City,AZ,2011,52789,7/7/2011
Lake Havasu City,AZ,2010,52578,7/7/2010
Lake Havasu City,AZ,2009,55657,7/7/2009
Lake Havasu City,AZ,2008,55848,7/7/2008
Lake Havasu City,AZ,2007,55979,7/7/2007
Lake Havasu City,AZ,2006,55459,7/7/2006
Lake Havasu City,AZ,2005,54363,7/7/2005
Lake Havasu City,AZ,2004,52416,7/7/2004
Lake Havasu City,AZ,2003,49107,7/7/2003
Lake Havasu City,AZ,2002,46350,7/7/2002
Lake Havasu City,AZ,2001,43974,7/7/2001
Lake Havasu City,AZ,2000,42406,7/7/2000
Lake Montezuma,AZ,2021,5191,7/7/2021
Lake Montezuma,AZ,2020,5111,7/7/2020
Lake of the Woods,AZ,2021,3558,7/7/2021
Lake of the Woods,AZ,2020,3648,7/7/2020
Lazy Y U,AZ,2021,484,7/7/2021
Lazy Y U,AZ,2020,474,7/7/2020
LeChee,AZ,2021,1194,7/7/2021
LeChee,AZ,2020,1236,7/7/2020
Leupp,AZ,2021,930,7/7/2021
Leupp,AZ,2020,934,7/7/2020
Linden,AZ,2021,2792,7/7/2021
Linden,AZ,2020,2760,7/7/2020
Litchfield Park,AZ,2021,7121,7/7/2021
Litchfield Park,AZ,2020,6847,7/7/2020
Litchfield Park,AZ,2019,6436,7/7/2019
Litchfield Park,AZ,2018,6292,7/7/2018
Litchfield Park,AZ,2017,6045,7/7/2017
Litchfield Park,AZ,2016,5870,7/7/2016
Litchfield Park,AZ,2015,5715,7/7/2015
Litchfield Park,AZ,2014,5556,7/7/2014
Litchfield Park,AZ,2013,5391,7/7/2013
Litchfield Park,AZ,2012,5182,7/7/2012
Litchfield Park,AZ,2011,4997,7/7/2011
Litchfield Park,AZ,2010,4899,7/7/2010
Litchfield Park,AZ,2009,5178,7/7/2009
Litchfield Park,AZ,2008,5132,7/7/2008
Litchfield Park,AZ,2007,5088,7/7/2007
Litchfield Park,AZ,2006,4943,7/7/2006
Litchfield Park,AZ,2005,4361,7/7/2005
Litchfield Park,AZ,2004,3964,7/7/2004
Litchfield Park,AZ,2003,3903,7/7/2003
Litchfield Park,AZ,2002,3877,7/7/2002
Litchfield Park,AZ,2001,3864,7/7/2001
Litchfield Park,AZ,2000,3822,7/7/2000
Littlefield,AZ,2021,246,7/7/2021
Littlefield,AZ,2020,256,7/7/2020
Low Mountain,AZ,2021,605,7/7/2021
Low Mountain,AZ,2020,631,7/7/2020
Lower Santan Village,AZ,2021,449,7/7/2021
Lower Santan Village,AZ,2020,437,7/7/2020
Lukachukai,AZ,2021,1368,7/7/2021
Lukachukai,AZ,2020,1424,7/7/2020
Lun,AZ,2021,17,7/7/2021
Lun,AZ,2020,19,7/7/2020
Maish Vaya,AZ,2021,123,7/7/2021
Maish Vaya,AZ,2020,129,7/7/2020
Mammoth,AZ,2021,1006,7/7/2021
Mammoth,AZ,2020,1076,7/7/2020
Mammoth,AZ,2019,1687,7/7/2019
Mammoth,AZ,2018,1663,7/7/2018
Mammoth,AZ,2017,1634,7/7/2017
Mammoth,AZ,2016,1605,7/7/2016
Mammoth,AZ,2015,1569,7/7/2015
Mammoth,AZ,2014,1542,7/7/2014
Mammoth,AZ,2013,1496,7/7/2013
Mammoth,AZ,2012,1495,7/7/2012
Mammoth,AZ,2011,1488,7/7/2011
Mammoth,AZ,2010,1503,7/7/2010
Mammoth,AZ,2009,2701,7/7/2009
Mammoth,AZ,2008,2599,7/7/2008
Mammoth,AZ,2007,2447,7/7/2007
Mammoth,AZ,2006,2255,7/7/2006
Mammoth,AZ,2005,2155,7/7/2005
Mammoth,AZ,2004,2046,7/7/2004
Mammoth,AZ,2003,1962,7/7/2003
Mammoth,AZ,2002,1881,7/7/2002
Mammoth,AZ,2001,1824,7/7/2001
Mammoth,AZ,2000,1774,7/7/2000
Many Farms,AZ,2021,1223,7/7/2021
Many Farms,AZ,2020,1243,7/7/2020
Marana,AZ,2021,55298,7/7/2021
Marana,AZ,2020,51908,7/7/2020
Marana,AZ,2019,49030,7/7/2019
Marana,AZ,2018,46909,7/7/2018
Marana,AZ,2017,44968,7/7/2017
Marana,AZ,2016,43452,7/7/2016
Marana,AZ,2015,41977,7/7/2015
Marana,AZ,2014,40549,7/7/2014
Marana,AZ,2013,38427,7/7/2013
Marana,AZ,2012,36800,7/7/2012
Marana,AZ,2011,35597,7/7/2011
Marana,AZ,2010,34758,7/7/2010
Marana,AZ,2009,35124,7/7/2009
Marana,AZ,2008,34403,7/7/2008
Marana,AZ,2007,32989,7/7/2007
Marana,AZ,2006,31019,7/7/2006
Marana,AZ,2005,26859,7/7/2005
Marana,AZ,2004,23754,7/7/2004
Marana,AZ,2003,20942,7/7/2003
Marana,AZ,2002,18533,7/7/2002
Marana,AZ,2001,16045,7/7/2001
Marana,AZ,2000,14379,7/7/2000
Maricopa,AZ,2021,61053,7/7/2021
Maricopa,AZ,2020,58125,7/7/2020
Maricopa,AZ,2019,52127,7/7/2019
Maricopa,AZ,2018,50028,7/7/2018
Maricopa,AZ,2017,48002,7/7/2017
Maricopa,AZ,2016,46914,7/7/2016
Maricopa,AZ,2015,46109,7/7/2015
Maricopa,AZ,2014,45543,7/7/2014
Maricopa,AZ,2013,44814,7/7/2013
Maricopa,AZ,2012,44030,7/7/2012
Maricopa,AZ,2011,43866,7/7/2011
Maricopa,AZ,2010,43686,7/7/2010
Maricopa,AZ,2009,44691,7/7/2009
Maricopa,AZ,2008,44866,7/7/2008
Maricopa,AZ,2007,37549,7/7/2007
Maricopa,AZ,2006,30370,7/7/2006
Maricopa,AZ,2005,10500,7/7/2005
Maricopa,AZ,2004,5824,7/7/2004
Maricopa,AZ,2003,4281,7/7/2003
Maricopa,AZ,2002,3173,7/7/2002
Maricopa,AZ,2001,2358,7/7/2001
Maricopa,AZ,2000,1748,7/7/2000
Maricopa Colony,AZ,2021,882,7/7/2021
Maricopa Colony,AZ,2020,854,7/7/2020
Martinez Lake,AZ,2021,-46,7/7/2021
Martinez Lake,AZ,2020,94,7/7/2020
Mayer,AZ,2021,1570,7/7/2021
Mayer,AZ,2020,1558,7/7/2020
McConnico,AZ,2021,61,7/7/2021
McConnico,AZ,2020,63,7/7/2020
McNary,AZ,2021,476,7/7/2021
McNary,AZ,2020,484,7/7/2020
McNeal,AZ,2021,170,7/7/2021
McNeal,AZ,2020,182,7/7/2020
Mead Ranch,AZ,2021,42,7/7/2021
Mead Ranch,AZ,2020,42,7/7/2020
Meadview,AZ,2021,1460,7/7/2021
Meadview,AZ,2020,1420,7/7/2020
Mesa,AZ,2021,517302,7/7/2021
Mesa,AZ,2020,504258,7/7/2020
Mesa,AZ,2019,518012,7/7/2019
Mesa,AZ,2018,507945,7/7/2018
Mesa,AZ,2017,500021,7/7/2017
Mesa,AZ,2016,490695,7/7/2016
Mesa,AZ,2015,481811,7/7/2015
Mesa,AZ,2014,473132,7/7/2014
Mesa,AZ,2013,464803,7/7/2013
Mesa,AZ,2012,456968,7/7/2012
Mesa,AZ,2011,447681,7/7/2011
Mesa,AZ,2010,440993,7/7/2010
Mesa,AZ,2009,467157,7/7/2009
Mesa,AZ,2008,463829,7/7/2008
Mesa,AZ,2007,460493,7/7/2007
Mesa,AZ,2006,456449,7/7/2006
Mesa,AZ,2005,450948,7/7/2005
Mesa,AZ,2004,443733,7/7/2004
Mesa,AZ,2003,435391,7/7/2003
Mesa,AZ,2002,427923,7/7/2002
Mesa,AZ,2001,416301,7/7/2001
Mesa,AZ,2000,402853,7/7/2000
Mesa del Caballo,AZ,2021,785,7/7/2021
Mesa del Caballo,AZ,2020,781,7/7/2020
Mescal,AZ,2021,1739,7/7/2021
Mescal,AZ,2020,1751,7/7/2020
Mesquite Creek,AZ,2021,401,7/7/2021
Mesquite Creek,AZ,2020,403,7/7/2020
Miami,AZ,2021,1481,7/7/2021
Miami,AZ,2020,1541,7/7/2020
Miami,AZ,2019,1780,7/7/2019
Miami,AZ,2018,1782,7/7/2018
Miami,AZ,2017,1784,7/7/2017
Miami,AZ,2016,1784,7/7/2016
Miami,AZ,2015,1781,7/7/2015
Miami,AZ,2014,1786,7/7/2014
Miami,AZ,2013,1799,7/7/2013
Miami,AZ,2012,1803,7/7/2012
Miami,AZ,2011,1822,7/7/2011
Miami,AZ,2010,1833,7/7/2010
Miami,AZ,2009,1765,7/7/2009
Miami,AZ,2008,1779,7/7/2008
Miami,AZ,2007,1796,7/7/2007
Miami,AZ,2006,1798,7/7/2006
Miami,AZ,2005,1806,7/7/2005
Miami,AZ,2004,1823,7/7/2004
Miami,AZ,2003,1845,7/7/2003
Miami,AZ,2002,1878,7/7/2002
Miami,AZ,2001,1897,7/7/2001
Miami,AZ,2000,1931,7/7/2000
Miracle Valley,AZ,2021,557,7/7/2021
Miracle Valley,AZ,2020,571,7/7/2020
Moccasin,AZ,2021,45,7/7/2021
Moccasin,AZ,2020,53,7/7/2020
Moenkopi,AZ,2021,733,7/7/2021
Moenkopi,AZ,2020,771,7/7/2020
Mohave Valley,AZ,2021,2709,7/7/2021
Mohave Valley,AZ,2020,2693,7/7/2020
Mojave Ranch Estates,AZ,2021,53,7/7/2021
Mojave Ranch Estates,AZ,2020,53,7/7/2020
Morenci,AZ,2021,2136,7/7/2021
Morenci,AZ,2020,2028,7/7/2020
Mountainaire,AZ,2021,1058,7/7/2021
Mountainaire,AZ,2020,1068,7/7/2020
Munds Park,AZ,2021,1188,7/7/2021
Munds Park,AZ,2020,1096,7/7/2020
Naco,AZ,2021,780,7/7/2021
Naco,AZ,2020,824,7/7/2020
Nazlini,AZ,2021,509,7/7/2021
Nazlini,AZ,2020,505,7/7/2020
Nelson,AZ,2021,247,7/7/2021
Nelson,AZ,2020,249,7/7/2020
New Kingman-Butler,AZ,2021,13061,7/7/2021
New Kingman-Butler,AZ,2020,12907,7/7/2020
New River,AZ,2021,17758,7/7/2021
New River,AZ,2020,17290,7/7/2020
Nogales,AZ,2021,19556,7/7/2021
Nogales,AZ,2020,19770,7/7/2020
Nogales,AZ,2019,20103,7/7/2019
Nogales,AZ,2018,20139,7/7/2018
Nogales,AZ,2017,20233,7/7/2017
Nogales,AZ,2016,20189,7/7/2016
Nogales,AZ,2015,20308,7/7/2015
Nogales,AZ,2014,20399,7/7/2014
Nogales,AZ,2013,20591,7/7/2013
Nogales,AZ,2012,20801,7/7/2012
Nogales,AZ,2011,20871,7/7/2011
Nogales,AZ,2010,20812,7/7/2010
Nogales,AZ,2009,20017,7/7/2009
Nogales,AZ,2008,19752,7/7/2008
Nogales,AZ,2007,19868,7/7/2007
Nogales,AZ,2006,20311,7/7/2006
Nogales,AZ,2005,20421,7/7/2005
Nogales,AZ,2004,20339,7/7/2004
Nogales,AZ,2003,20573,7/7/2003
Nogales,AZ,2002,20862,7/7/2002
Nogales,AZ,2001,20852,7/7/2001
Nogales,AZ,2000,20900,7/7/2000
Nolic,AZ,2021,8,7/7/2021
Nolic,AZ,2020,12,7/7/2020
North Fork,AZ,2021,1477,7/7/2021
North Fork,AZ,2020,1467,7/7/2020
Nutrioso,AZ,2021,41,7/7/2021
Nutrioso,AZ,2020,39,7/7/2020
Oak Springs,AZ,2021,52,7/7/2021
Oak Springs,AZ,2020,54,7/7/2020
Oatman,AZ,2021,96,7/7/2021
Oatman,AZ,2020,102,7/7/2020
Oljato-Monument Valley,AZ,2021,107,7/7/2021
Oljato-Monument Valley,AZ,2020,115,7/7/2020
Oracle,AZ,2021,2923,7/7/2021
Oracle,AZ,2020,3051,7/7/2020
Orange Grove Mobile Manor,AZ,2021,475,7/7/2021
Orange Grove Mobile Manor,AZ,2020,495,7/7/2020
Oro Valley,AZ,2021,48282,7/7/2021
Oro Valley,AZ,2020,47070,7/7/2020
Oro Valley,AZ,2019,46044,7/7/2019
Oro Valley,AZ,2018,45315,7/7/2018
Oro Valley,AZ,2017,44543,7/7/2017
Oro Valley,AZ,2016,43782,7/7/2016
Oro Valley,AZ,2015,43420,7/7/2015
Oro Valley,AZ,2014,41894,7/7/2014
Oro Valley,AZ,2013,41609,7/7/2013
Oro Valley,AZ,2012,41365,7/7/2012
Oro Valley,AZ,2011,41250,7/7/2011
Oro Valley,AZ,2010,41078,7/7/2010
Oro Valley,AZ,2009,44003,7/7/2009
Oro Valley,AZ,2008,43333,7/7/2008
Oro Valley,AZ,2007,42488,7/7/2007
Oro Valley,AZ,2006,41625,7/7/2006
Oro Valley,AZ,2005,40115,7/7/2005
Oro Valley,AZ,2004,38981,7/7/2004
Oro Valley,AZ,2003,37763,7/7/2003
Oro Valley,AZ,2002,36755,7/7/2002
Oro Valley,AZ,2001,35221,7/7/2001
Oro Valley,AZ,2000,32761,7/7/2000
Oxbow Estates,AZ,2021,194,7/7/2021
Oxbow Estates,AZ,2020,198,7/7/2020
Padre Ranchitos,AZ,2021,125,7/7/2021
Padre Ranchitos,AZ,2020,133,7/7/2020
Page,AZ,2021,7478,7/7/2021
Page,AZ,2020,7440,7/7/2020
Page,AZ,2019,7529,7/7/2019
Page,AZ,2018,7531,7/7/2018
Page,AZ,2017,7548,7/7/2017
Page,AZ,2016,7547,7/7/2016
Page,AZ,2015,7502,7/7/2015
Page,AZ,2014,7505,7/7/2014
Page,AZ,2013,7476,7/7/2013
Page,AZ,2012,7410,7/7/2012
Page,AZ,2011,7409,7/7/2011
Page,AZ,2010,7380,7/7/2010
Page,AZ,2009,7073,7/7/2009
Page,AZ,2008,6998,7/7/2008
Page,AZ,2007,6972,7/7/2007
Page,AZ,2006,6944,7/7/2006
Page,AZ,2005,6893,7/7/2005
Page,AZ,2004,6889,7/7/2004
Page,AZ,2003,6891,7/7/2003
Page,AZ,2002,6910,7/7/2002
Page,AZ,2001,6848,7/7/2001
Page,AZ,2000,6822,7/7/2000
Palominas,AZ,2021,224,7/7/2021
Palominas,AZ,2020,222,7/7/2020
Paradise Valley,AZ,2021,12626,7/7/2021
Paradise Valley,AZ,2020,12658,7/7/2020
Paradise Valley,AZ,2019,14637,7/7/2019
Paradise Valley,AZ,2018,14454,7/7/2018
Paradise Valley,AZ,2017,14344,7/7/2017
Paradise Valley,AZ,2016,14218,7/7/2016
Paradise Valley,AZ,2015,14106,7/7/2015
Paradise Valley,AZ,2014,13810,7/7/2014
Paradise Valley,AZ,2013,13567,7/7/2013
Paradise Valley,AZ,2012,13323,7/7/2012
Paradise Valley,AZ,2011,13032,7/7/2011
Paradise Valley,AZ,2010,12784,7/7/2010
Paradise Valley,AZ,2009,15184,7/7/2009
Paradise Valley,AZ,2008,15002,7/7/2008
Paradise Valley,AZ,2007,14783,7/7/2007
Paradise Valley,AZ,2006,14454,7/7/2006
Paradise Valley,AZ,2005,14268,7/7/2005
Paradise Valley,AZ,2004,14086,7/7/2004
Paradise Valley,AZ,2003,13994,7/7/2003
Paradise Valley,AZ,2002,13943,7/7/2002
Paradise Valley,AZ,2001,13840,7/7/2001
Paradise Valley,AZ,2000,13694,7/7/2000
Parker,AZ,2021,3483,7/7/2021
Parker,AZ,2020,3417,7/7/2020
Parker,AZ,2019,3207,7/7/2019
Parker,AZ,2018,3192,7/7/2018
Parker,AZ,2017,3077,7/7/2017
Parker,AZ,2016,3071,7/7/2016
Parker,AZ,2015,3081,7/7/2015
Parker,AZ,2014,3096,7/7/2014
Parker,AZ,2013,3097,7/7/2013
Parker,AZ,2012,3033,7/7/2012
Parker,AZ,2011,3124,7/7/2011
Parker,AZ,2010,3060,7/7/2010
Parker,AZ,2009,3120,7/7/2009
Parker,AZ,2008,3116,7/7/2008
Parker,AZ,2007,3134,7/7/2007
Parker,AZ,2006,3145,7/7/2006
Parker,AZ,2005,3158,7/7/2005
Parker,AZ,2004,3114,7/7/2004
Parker,AZ,2003,3067,7/7/2003
Parker,AZ,2002,3040,7/7/2002
Parker,AZ,2001,3085,7/7/2001
Parker,AZ,2000,3124,7/7/2000
Parker Strip,AZ,2021,613,7/7/2021
Parker Strip,AZ,2020,621,7/7/2020
Parks,AZ,2021,1420,7/7/2021
Parks,AZ,2020,1382,7/7/2020
Patagonia,AZ,2021,782,7/7/2021
Patagonia,AZ,2020,804,7/7/2020
Patagonia,AZ,2019,874,7/7/2019
Patagonia,AZ,2018,879,7/7/2018
Patagonia,AZ,2017,886,7/7/2017
Patagonia,AZ,2016,886,7/7/2016
Patagonia,AZ,2015,892,7/7/2015
Patagonia,AZ,2014,897,7/7/2014
Patagonia,AZ,2013,903,7/7/2013
Patagonia,AZ,2012,910,7/7/2012
Patagonia,AZ,2011,916,7/7/2011
Patagonia,AZ,2010,912,7/7/2010
Patagonia,AZ,2008,795,7/7/2008
Patagonia,AZ,2007,799,7/7/2007
Patagonia,AZ,2006,818,7/7/2006
Patagonia,AZ,2005,835,7/7/2005
Patagonia,AZ,2004,844,7/7/2004
Patagonia,AZ,2003,859,7/7/2003
Patagonia,AZ,2002,875,7/7/2002
Patagonia,AZ,2001,887,7/7/2001
Patagonia,AZ,2000,902,7/7/2000
Paulden,AZ,2021,5635,7/7/2021
Paulden,AZ,2020,5567,7/7/2020
Payson,AZ,2021,16561,7/7/2021
Payson,AZ,2020,16351,7/7/2020
Payson,AZ,2019,15813,7/7/2019
Payson,AZ,2018,15673,7/7/2018
Payson,AZ,2017,15542,7/7/2017
Payson,AZ,2016,15422,7/7/2016
Payson,AZ,2015,15259,7/7/2015
Payson,AZ,2014,15244,7/7/2014
Payson,AZ,2013,15207,7/7/2013
Payson,AZ,2012,15155,7/7/2012
Payson,AZ,2011,15248,7/7/2011
Payson,AZ,2010,15319,7/7/2010
Payson,AZ,2009,15547,7/7/2009
Payson,AZ,2008,15473,7/7/2008
Payson,AZ,2007,15409,7/7/2007
Payson,AZ,2006,15039,7/7/2006
Payson,AZ,2005,14458,7/7/2005
Payson,AZ,2004,14265,7/7/2004
Payson,AZ,2003,14099,7/7/2003
Payson,AZ,2002,14007,7/7/2002
Payson,AZ,2001,13818,7/7/2001
Payson,AZ,2000,13681,7/7/2000
Peach Springs,AZ,2021,1100,7/7/2021
Peach Springs,AZ,2020,1098,7/7/2020
Peeples Valley,AZ,2021,513,7/7/2021
Peeples Valley,AZ,2020,499,7/7/2020
Peoria,AZ,2021,198369,7/7/2021
Peoria,AZ,2020,190985,7/7/2020
Peoria,AZ,2019,175961,7/7/2019
Peoria,AZ,2018,172263,7/7/2018
Peoria,AZ,2017,168192,7/7/2017
Peoria,AZ,2016,164212,7/7/2016
Peoria,AZ,2015,160431,7/7/2015
Peoria,AZ,2014,157770,7/7/2014
Peoria,AZ,2013,156354,7/7/2013
Peoria,AZ,2012,155326,7/7/2012
Peoria,AZ,2011,155014,7/7/2011
Peoria,AZ,2010,154846,7/7/2010
Peoria,AZ,2009,163226,7/7/2009
Peoria,AZ,2008,158572,7/7/2008
Peoria,AZ,2007,154636,7/7/2007
Peoria,AZ,2006,148998,7/7/2006
Peoria,AZ,2005,140224,7/7/2005
Peoria,AZ,2004,134817,7/7/2004
Peoria,AZ,2003,129097,7/7/2003
Peoria,AZ,2002,124615,7/7/2002
Peoria,AZ,2001,118494,7/7/2001
Peoria,AZ,2000,110950,7/7/2000
Peridot,AZ,2021,1300,7/7/2021
Peridot,AZ,2020,1308,7/7/2020
Phoenix,AZ,2021,1640641,7/7/2021
Phoenix,AZ,2020,1608139,7/7/2020
Phoenix,AZ,2019,1680992,7/7/2019
Phoenix,AZ,2018,1654675,7/7/2018
Phoenix,AZ,2017,1633560,7/7/2017
Phoenix,AZ,2016,1612199,7/7/2016
Phoenix,AZ,2015,1583690,7/7/2015
Phoenix,AZ,2014,1555445,7/7/2014
Phoenix,AZ,2013,1526491,7/7/2013
Phoenix,AZ,2012,1499274,7/7/2012
Phoenix,AZ,2011,1469796,7/7/2011
Phoenix,AZ,2010,1449038,7/7/2010
Phoenix,AZ,2009,1593659,7/7/2009
Phoenix,AZ,2008,1569917,7/7/2008
Phoenix,AZ,2007,1538431,7/7/2007
Phoenix,AZ,2006,1510609,7/7/2006
Phoenix,AZ,2005,1470302,7/7/2005
Phoenix,AZ,2004,1424000,7/7/2004
Phoenix,AZ,2003,1392602,7/7/2003
Phoenix,AZ,2002,1371454,7/7/2002
Phoenix,AZ,2001,1348132,7/7/2001
Phoenix,AZ,2000,1326997,7/7/2000
Picacho,AZ,2021,206,7/7/2021
Picacho,AZ,2020,250,7/7/2020
Picture Rocks,AZ,2021,9549,7/7/2021
Picture Rocks,AZ,2020,9551,7/7/2020
Pima,AZ,2021,2939,7/7/2021
Pima,AZ,2020,2847,7/7/2020
Pima,AZ,2019,2558,7/7/2019
Pima,AZ,2018,2488,7/7/2018
Pima,AZ,2017,2492,7/7/2017
Pima,AZ,2016,2497,7/7/2016
Pima,AZ,2015,2508,7/7/2015
Pima,AZ,2014,2465,7/7/2014
Pima,AZ,2013,2427,7/7/2013
Pima,AZ,2012,2391,7/7/2012
Pima,AZ,2011,2373,7/7/2011
Pima,AZ,2010,2368,7/7/2010
Pima,AZ,2009,2198,7/7/2009
Pima,AZ,2008,2158,7/7/2008
Pima,AZ,2007,2076,7/7/2007
Pima,AZ,2006,2052,7/7/2006
Pima,AZ,2005,2053,7/7/2005
Pima,AZ,2004,2045,7/7/2004
Pima,AZ,2003,2062,7/7/2003
Pima,AZ,2002,2079,7/7/2002
Pima,AZ,2001,2100,7/7/2001
Pima,AZ,2000,2097,7/7/2000
Pinal,AZ,2021,460,7/7/2021
Pinal,AZ,2020,456,7/7/2020
Pine,AZ,2021,1951,7/7/2021
Pine,AZ,2020,1953,7/7/2020
Pine Lake,AZ,2021,142,7/7/2021
Pine Lake,AZ,2020,142,7/7/2020
Pinedale,AZ,2021,482,7/7/2021
Pinedale,AZ,2020,482,7/7/2020
Pinetop Country Club,AZ,2021,1333,7/7/2021
Pinetop Country Club,AZ,2020,1409,7/7/2020
Pinetop-Lakeside,AZ,2021,3980,7/7/2021
Pinetop-Lakeside,AZ,2020,4030,7/7/2020
Pinetop-Lakeside,AZ,2019,4469,7/7/2019
Pinetop-Lakeside,AZ,2018,4425,7/7/2018
Pinetop-Lakeside,AZ,2017,4360,7/7/2017
Pinetop-Lakeside,AZ,2016,4310,7/7/2016
Pinetop-Lakeside,AZ,2015,4277,7/7/2015
Pinetop-Lakeside,AZ,2014,4278,7/7/2014
Pinetop-Lakeside,AZ,2013,4262,7/7/2013
Pinetop-Lakeside,AZ,2012,4276,7/7/2012
Pinetop-Lakeside,AZ,2011,4279,7/7/2011
Pinetop-Lakeside,AZ,2010,4284,7/7/2010
Pinetop-Lakeside,AZ,2009,4522,7/7/2009
Pinetop-Lakeside,AZ,2008,4503,7/7/2008
Pinetop-Lakeside,AZ,2007,4486,7/7/2007
Pinetop-Lakeside,AZ,2006,4333,7/7/2006
Pinetop-Lakeside,AZ,2005,4088,7/7/2005
Pinetop-Lakeside,AZ,2004,3972,7/7/2004
Pinetop-Lakeside,AZ,2003,3873,7/7/2003
Pinetop-Lakeside,AZ,2002,3788,7/7/2002
Pinetop-Lakeside,AZ,2001,3664,7/7/2001
Pinetop-Lakeside,AZ,2000,3605,7/7/2000
Pinion Pines,AZ,2021,152,7/7/2021
Pinion Pines,AZ,2020,158,7/7/2020
Pinon,AZ,2021,1120,7/7/2021
Pinon,AZ,2020,1084,7/7/2020
Pirtleville,AZ,2021,1346,7/7/2021
Pirtleville,AZ,2020,1412,7/7/2020
Pisinemo,AZ,2021,367,7/7/2021
Pisinemo,AZ,2020,359,7/7/2020
Poston,AZ,2021,163,7/7/2021
Poston,AZ,2020,183,7/7/2020
Prescott,AZ,2021,47023,7/7/2021
Prescott,AZ,2020,45827,7/7/2020
Prescott,AZ,2019,44299,7/7/2019
Prescott,AZ,2018,43283,7/7/2018
Prescott,AZ,2017,42675,7/7/2017
Prescott,AZ,2016,42262,7/7/2016
Prescott,AZ,2015,41398,7/7/2015
Prescott,AZ,2014,40737,7/7/2014
Prescott,AZ,2013,40228,7/7/2013
Prescott,AZ,2012,39868,7/7/2012
Prescott,AZ,2011,39774,7/7/2011
Prescott,AZ,2010,39765,7/7/2010
Prescott,AZ,2009,42749,7/7/2009
Prescott,AZ,2008,42506,7/7/2008
Prescott,AZ,2007,42054,7/7/2007
Prescott,AZ,2006,41199,7/7/2006
Prescott,AZ,2005,40097,7/7/2005
Prescott,AZ,2004,38726,7/7/2004
Prescott,AZ,2003,37484,7/7/2003
Prescott,AZ,2002,36296,7/7/2002
Prescott,AZ,2001,35184,7/7/2001
Prescott,AZ,2000,34352,7/7/2000
Prescott Valley,AZ,2021,48377,7/7/2021
Prescott Valley,AZ,2020,46785,7/7/2020
Prescott Valley,AZ,2019,46515,7/7/2019
Prescott Valley,AZ,2018,45703,7/7/2018
Prescott Valley,AZ,2017,44453,7/7/2017
Prescott Valley,AZ,2016,42955,7/7/2016
Prescott Valley,AZ,2015,41953,7/7/2015
Prescott Valley,AZ,2014,40909,7/7/2014
Prescott Valley,AZ,2013,39888,7/7/2013
Prescott Valley,AZ,2012,39110,7/7/2012
Prescott Valley,AZ,2011,38778,7/7/2011
Prescott Valley,AZ,2010,38838,7/7/2010
Prescott Valley,AZ,2009,38463,7/7/2009
Prescott Valley,AZ,2008,38215,7/7/2008
Prescott Valley,AZ,2007,37471,7/7/2007
Prescott Valley,AZ,2006,35764,7/7/2006
Prescott Valley,AZ,2005,33008,7/7/2005
Prescott Valley,AZ,2004,30425,7/7/2004
Prescott Valley,AZ,2003,28556,7/7/2003
Prescott Valley,AZ,2002,26606,7/7/2002
Prescott Valley,AZ,2001,25435,7/7/2001
Prescott Valley,AZ,2000,24421,7/7/2000
Quartzsite,AZ,2021,2161,7/7/2021
Quartzsite,AZ,2020,2413,7/7/2020
Quartzsite,AZ,2019,3763,7/7/2019
Quartzsite,AZ,2018,3756,7/7/2018
Quartzsite,AZ,2017,3712,7/7/2017
Quartzsite,AZ,2016,3702,7/7/2016
Quartzsite,AZ,2015,3659,7/7/2015
Quartzsite,AZ,2014,3671,7/7/2014
Quartzsite,AZ,2013,3675,7/7/2013
Quartzsite,AZ,2012,3698,7/7/2012
Quartzsite,AZ,2011,3698,7/7/2011
Quartzsite,AZ,2010,3686,7/7/2010
Quartzsite,AZ,2009,3466,7/7/2009
Quartzsite,AZ,2008,3468,7/7/2008
Quartzsite,AZ,2007,3491,7/7/2007
Quartzsite,AZ,2006,3436,7/7/2006
Quartzsite,AZ,2005,3362,7/7/2005
Quartzsite,AZ,2004,3324,7/7/2004
Quartzsite,AZ,2003,3304,7/7/2003
Quartzsite,AZ,2002,3280,7/7/2002
Quartzsite,AZ,2001,3320,7/7/2001
Quartzsite,AZ,2000,3341,7/7/2000
Queen Creek,AZ,2000,3244,7/7/2000
Queen Creek,AZ,2001,3785,7/7/2001
Queen Creek,AZ,2002,4417,7/7/2002
Queen Creek,AZ,2003,6582,7/7/2003
Queen Creek,AZ,2004,10757,7/7/2004
Queen Creek,AZ,2005,15119,7/7/2005
Queen Creek,AZ,2006,18579,7/7/2006
Queen Creek,AZ,2007,21859,7/7/2007
Queen Creek,AZ,2008,23839,7/7/2008
Queen Creek,AZ,2009,26098,7/7/2009
Queen Creek,AZ,2010,27058,7/7/2010
Queen Creek,AZ,2011,27602,7/7/2011
Queen Creek,AZ,2012,28148,7/7/2012
Queen Creek,AZ,2013,30424,7/7/2013
Queen Creek,AZ,2014,33011,7/7/2014
Queen Creek,AZ,2015,35534,7/7/2015
Queen Creek,AZ,2016,38850,7/7/2016
Queen Creek,AZ,2017,43227,7/7/2017
Queen Creek,AZ,2018,47123,7/7/2018
Queen Creek,AZ,2019,50890,7/7/2019
Queen Creek,AZ,2020,59519,7/7/2020
Queen Creek,AZ,2021,66151,7/7/2021
Queen Valley,AZ,2021,1003,7/7/2021
Queen Valley,AZ,2020,967,7/7/2020
Rainbow City,AZ,2021,1007,7/7/2021
Rainbow City,AZ,2020,1001,7/7/2020
Rancho Mesa Verde,AZ,2021,561,7/7/2021
Rancho Mesa Verde,AZ,2020,571,7/7/2020
Red Mesa,AZ,2021,328,7/7/2021
Red Mesa,AZ,2020,354,7/7/2020
Red Rock,AZ,2021,130,7/7/2021
Red Rock,AZ,2020,136,7/7/2020
Rillito,AZ,2021,94,7/7/2021
Rillito,AZ,2020,94,7/7/2020
Rincon Valley,AZ,2021,5706,7/7/2021
Rincon Valley,AZ,2020,5612,7/7/2020
Rio Rico,AZ,2021,20867,7/7/2021
Rio Rico,AZ,2020,20549,7/7/2020
Rio Verde,AZ,2021,2290,7/7/2021
Rio Verde,AZ,2020,2210,7/7/2020
Rock House,AZ,2021,2,7/7/2021
Rock House,AZ,2020,10,7/7/2020
Rock Point,AZ,2021,534,7/7/2021
Rock Point,AZ,2020,552,7/7/2020
Roosevelt,AZ,2021,26,7/7/2021
Roosevelt,AZ,2020,26,7/7/2020
Rough Rock,AZ,2021,430,7/7/2021
Rough Rock,AZ,2020,428,7/7/2020
Round Rock,AZ,2021,610,7/7/2021
Round Rock,AZ,2020,640,7/7/2020
Round Valley,AZ,2021,453,7/7/2021
Round Valley,AZ,2020,459,7/7/2020
Rye,AZ,2021,110,7/7/2021
Rye,AZ,2020,104,7/7/2020
Sacate Village,AZ,2021,278,7/7/2021
Sacate Village,AZ,2020,260,7/7/2020
Sacaton,AZ,2021,3370,7/7/2021
Sacaton,AZ,2020,3254,7/7/2020
Sacaton Flats Village,AZ,2021,584,7/7/2021
Sacaton Flats Village,AZ,2020,576,7/7/2020
Saddlebrooke,AZ,2021,13166,7/7/2021
Saddlebrooke,AZ,2020,12574,7/7/2020
Safford,AZ,2021,10241,7/7/2021
Safford,AZ,2020,10129,7/7/2020
Safford,AZ,2019,9983,7/7/2019
Safford,AZ,2018,9824,7/7/2018
Safford,AZ,2017,9621,7/7/2017
Safford,AZ,2016,9637,7/7/2016
Safford,AZ,2015,9678,7/7/2015
Safford,AZ,2014,9747,7/7/2014
Safford,AZ,2013,9602,7/7/2013
Safford,AZ,2012,9535,7/7/2012
Safford,AZ,2011,9529,7/7/2011
Safford,AZ,2010,9547,7/7/2010
Safford,AZ,2009,9832,7/7/2009
Safford,AZ,2008,9712,7/7/2008
Safford,AZ,2007,9149,7/7/2007
Safford,AZ,2006,8842,7/7/2006
Safford,AZ,2005,8829,7/7/2005
Safford,AZ,2004,8800,7/7/2004
Safford,AZ,2003,8896,7/7/2003
Safford,AZ,2002,9027,7/7/2002
Safford,AZ,2001,9177,7/7/2001
Safford,AZ,2000,9241,7/7/2000
Sahuarita,AZ,2021,35910,7/7/2021
Sahuarita,AZ,2020,34134,7/7/2020
Sahuarita,AZ,2019,31421,7/7/2019
Sahuarita,AZ,2018,30554,7/7/2018
Sahuarita,AZ,2017,29786,7/7/2017
Sahuarita,AZ,2016,29186,7/7/2016
Sahuarita,AZ,2015,28654,7/7/2015
Sahuarita,AZ,2014,28288,7/7/2014
Sahuarita,AZ,2013,27782,7/7/2013
Sahuarita,AZ,2012,27225,7/7/2012
Sahuarita,AZ,2011,26861,7/7/2011
Sahuarita,AZ,2010,26266,7/7/2010
Sahuarita,AZ,2009,24834,7/7/2009
Sahuarita,AZ,2008,22856,7/7/2008
Sahuarita,AZ,2007,20652,7/7/2007
Sahuarita,AZ,2006,17418,7/7/2006
Sahuarita,AZ,2005,13228,7/7/2005
Sahuarita,AZ,2004,8935,7/7/2004
Sahuarita,AZ,2003,6645,7/7/2003
Sahuarita,AZ,2002,4881,7/7/2002
Sahuarita,AZ,2001,4048,7/7/2001
Sahuarita,AZ,2000,3778,7/7/2000
Salome,AZ,2021,1088,7/7/2021
Salome,AZ,2020,1162,7/7/2020
San Carlos,AZ,2021,3977,7/7/2021
San Carlos,AZ,2020,3987,7/7/2020
San Jose,AZ,2021,459,7/7/2021
San Jose,AZ,2020,467,7/7/2020
San Luis,AZ,2021,37207,7/7/2021
San Luis,AZ,2020,35257,7/7/2020
San Luis,AZ,2019,34778,7/7/2019
San Luis,AZ,2018,33423,7/7/2018
San Luis,AZ,2017,32728,7/7/2017
San Luis,AZ,2016,32250,7/7/2016
San Luis,AZ,2015,31698,7/7/2015
San Luis,AZ,2014,31148,7/7/2014
San Luis,AZ,2013,30572,7/7/2013
San Luis,AZ,2012,30268,7/7/2012
San Luis,AZ,2011,30397,7/7/2011
San Luis,AZ,2010,28415,7/7/2010
San Luis,AZ,2009,25682,7/7/2009
San Luis,AZ,2008,24654,7/7/2008
San Luis,AZ,2007,23680,7/7/2007
San Luis,AZ,2006,22351,7/7/2006
San Luis,AZ,2005,21488,7/7/2005
San Luis,AZ,2004,20158,7/7/2004
San Luis,AZ,2003,18838,7/7/2003
San Luis,AZ,2002,17688,7/7/2002
San Luis,AZ,2001,16846,7/7/2001
San Luis,AZ,2000,15713,7/7/2000
San Manuel,AZ,2021,3026,7/7/2021
San Manuel,AZ,2020,3114,7/7/2020
San Miguel,AZ,2021,207,7/7/2021
San Miguel,AZ,2020,205,7/7/2020
San Simon,AZ,2021,156,7/7/2021
San Simon,AZ,2020,158,7/7/2020
San Tan Valley,AZ,2010,67369,7/7/2010
San Tan Valley,AZ,2011,70915,7/7/2011
San Tan Valley,AZ,2012,77465,7/7/2012
San Tan Valley,AZ,2013,83469,7/7/2013
San Tan Valley,AZ,2014,86743,7/7/2014
San Tan Valley,AZ,2015,87923,7/7/2015
San Tan Valley,AZ,2016,88507,7/7/2016
San Tan Valley,AZ,2017,90665,7/7/2017
San Tan Valley,AZ,2018,93230,7/7/2018
San Tan Valley,AZ,2019,96692,7/7/2019
San Tan Valley,AZ,2020,99894,7/7/2020
San Tan Valley,AZ,2021,103608,7/7/2021
Sanders,AZ,2021,563,7/7/2021
Sanders,AZ,2020,575,7/7/2020
Santa Cruz,AZ,2021,39,7/7/2021
Santa Cruz,AZ,2020,39,7/7/2020
Santa Rosa,AZ,2021,444,7/7/2021
Santa Rosa,AZ,2020,474,7/7/2020
Sawmill,AZ,2021,528,7/7/2021
Sawmill,AZ,2020,564,7/7/2020
Scenic,AZ,2021,1257,7/7/2021
Scenic,AZ,2020,1321,7/7/2020
Scottsdale,AZ,2021,246157,7/7/2021
Scottsdale,AZ,2020,241361,7/7/2020
Scottsdale,AZ,2019,258069,7/7/2019
Scottsdale,AZ,2018,254479,7/7/2018
Scottsdale,AZ,2017,251396,7/7/2017
Scottsdale,AZ,2016,247953,7/7/2016
Scottsdale,AZ,2015,241073,7/7/2015
Scottsdale,AZ,2014,233949,7/7/2014
Scottsdale,AZ,2013,228887,7/7/2013
Scottsdale,AZ,2012,225191,7/7/2012
Scottsdale,AZ,2011,220816,7/7/2011
Scottsdale,AZ,2010,217638,7/7/2010
Scottsdale,AZ,2009,237844,7/7/2009
Scottsdale,AZ,2008,235633,7/7/2008
Scottsdale,AZ,2007,233605,7/7/2007
Scottsdale,AZ,2006,230813,7/7/2006
Scottsdale,AZ,2005,227717,7/7/2005
Scottsdale,AZ,2004,223039,7/7/2004
Scottsdale,AZ,2003,219394,7/7/2003
Scottsdale,AZ,2002,216063,7/7/2002
Scottsdale,AZ,2001,211194,7/7/2001
Scottsdale,AZ,2000,204285,7/7/2000
Seba Dalkai,AZ,2021,124,7/7/2021
Seba Dalkai,AZ,2020,126,7/7/2020
Second Mesa,AZ,2021,819,7/7/2021
Second Mesa,AZ,2020,843,7/7/2020
Sedona,AZ,2021,9614,7/7/2021
Sedona,AZ,2020,9684,7/7/2020
Sedona,AZ,2019,10339,7/7/2019
Sedona,AZ,2018,10320,7/7/2018
Sedona,AZ,2017,10333,7/7/2017
Sedona,AZ,2016,10349,7/7/2016
Sedona,AZ,2015,10271,7/7/2015
Sedona,AZ,2014,10227,7/7/2014
Sedona,AZ,2013,10088,7/7/2013
Sedona,AZ,2012,10016,7/7/2012
Sedona,AZ,2011,10002,7/7/2011
Sedona,AZ,2010,10039,7/7/2010
Sedona,AZ,2009,11598,7/7/2009
Sedona,AZ,2008,11561,7/7/2008
Sedona,AZ,2007,11440,7/7/2007
Sedona,AZ,2006,11289,7/7/2006
Sedona,AZ,2005,11190,7/7/2005
Sedona,AZ,2004,11028,7/7/2004
Sedona,AZ,2003,10863,7/7/2003
Sedona,AZ,2002,10728,7/7/2002
Sedona,AZ,2001,10433,7/7/2001
Sedona,AZ,2000,10252,7/7/2000
Sehili,AZ,2021,157,7/7/2021
Sehili,AZ,2020,153,7/7/2020
Seligman,AZ,2021,446,7/7/2021
Seligman,AZ,2020,446,7/7/2020
Sells,AZ,2021,2047,7/7/2021
Sells,AZ,2020,2121,7/7/2020
Seven Mile,AZ,2021,750,7/7/2021
Seven Mile,AZ,2020,742,7/7/2020
Shongopovi,AZ,2021,687,7/7/2021
Shongopovi,AZ,2020,711,7/7/2020
Shonto,AZ,2021,474,7/7/2021
Shonto,AZ,2020,494,7/7/2020
Show Low,AZ,2021,11946,7/7/2021
Show Low,AZ,2020,11732,7/7/2020
Show Low,AZ,2019,11442,7/7/2019
Show Low,AZ,2018,11298,7/7/2018
Show Low,AZ,2017,11107,7/7/2017
Show Low,AZ,2016,10950,7/7/2016
Show Low,AZ,2015,10824,7/7/2015
Show Low,AZ,2014,10804,7/7/2014
Show Low,AZ,2013,10733,7/7/2013
Show Low,AZ,2012,10757,7/7/2012
Show Low,AZ,2011,10734,7/7/2011
Show Low,AZ,2010,10703,7/7/2010
Show Low,AZ,2009,12346,7/7/2009
Show Low,AZ,2008,12197,7/7/2008
Show Low,AZ,2007,11643,7/7/2007
Show Low,AZ,2006,10936,7/7/2006
Show Low,AZ,2005,10006,7/7/2005
Show Low,AZ,2004,9466,7/7/2004
Show Low,AZ,2003,8802,7/7/2003
Show Low,AZ,2002,8437,7/7/2002
Show Low,AZ,2001,8098,7/7/2001
Show Low,AZ,2000,7905,7/7/2000
Sierra Vista,AZ,2021,45592,7/7/2021
Sierra Vista,AZ,2020,45308,7/7/2020
Sierra Vista,AZ,2019,43045,7/7/2019
Sierra Vista,AZ,2018,44308,7/7/2018
Sierra Vista,AZ,2017,42963,7/7/2017
Sierra Vista,AZ,2016,43201,7/7/2016
Sierra Vista,AZ,2015,43480,7/7/2015
Sierra Vista,AZ,2014,43670,7/7/2014
Sierra Vista,AZ,2013,45174,7/7/2013
Sierra Vista,AZ,2012,46545,7/7/2012
Sierra Vista,AZ,2011,46324,7/7/2011
Sierra Vista,AZ,2010,45401,7/7/2010
Sierra Vista,AZ,2009,43227,7/7/2009
Sierra Vista,AZ,2008,42717,7/7/2008
Sierra Vista,AZ,2007,42459,7/7/2007
Sierra Vista,AZ,2006,42039,7/7/2006
Sierra Vista,AZ,2005,41456,7/7/2005
Sierra Vista,AZ,2004,40396,7/7/2004
Sierra Vista,AZ,2003,39422,7/7/2003
Sierra Vista,AZ,2002,38695,7/7/2002
Sierra Vista,AZ,2001,38127,7/7/2001
Sierra Vista,AZ,2000,37814,7/7/2000
Sierra Vista Southeast,AZ,2021,14354,7/7/2021
Sierra Vista Southeast,AZ,2020,14428,7/7/2020
Six Shooter Canyon,AZ,2021,946,7/7/2021
Six Shooter Canyon,AZ,2020,958,7/7/2020
Snowflake,AZ,2021,6206,7/7/2021
Snowflake,AZ,2020,6104,7/7/2020
Snowflake,AZ,2019,5995,7/7/2019
Snowflake,AZ,2018,5866,7/7/2018
Snowflake,AZ,2017,5781,7/7/2017
Snowflake,AZ,2016,5712,7/7/2016
Snowflake,AZ,2015,5649,7/7/2015
Snowflake,AZ,2014,5644,7/7/2014
Snowflake,AZ,2013,5586,7/7/2013
Snowflake,AZ,2012,5596,7/7/2012
Snowflake,AZ,2011,5610,7/7/2011
Snowflake,AZ,2010,5623,7/7/2010
Snowflake,AZ,2009,5686,7/7/2009
Snowflake,AZ,2008,5631,7/7/2008
Snowflake,AZ,2007,5314,7/7/2007
Snowflake,AZ,2006,5042,7/7/2006
Snowflake,AZ,2005,4884,7/7/2005
Snowflake,AZ,2004,4769,7/7/2004
Snowflake,AZ,2003,4722,7/7/2003
Snowflake,AZ,2002,4626,7/7/2002
Snowflake,AZ,2001,4509,7/7/2001
Snowflake,AZ,2000,4481,7/7/2000
So-Hi,AZ,2021,418,7/7/2021
So-Hi,AZ,2020,428,7/7/2020
Solomon,AZ,2021,393,7/7/2021
Solomon,AZ,2020,399,7/7/2020
Somerton,AZ,2021,14179,7/7/2021
Somerton,AZ,2020,14197,7/7/2020
Somerton,AZ,2019,16554,7/7/2019
Somerton,AZ,2018,16455,7/7/2018
Somerton,AZ,2017,16285,7/7/2017
Somerton,AZ,2016,15871,7/7/2016
Somerton,AZ,2015,15572,7/7/2015
Somerton,AZ,2014,15336,7/7/2014
Somerton,AZ,2013,15043,7/7/2013
Somerton,AZ,2012,14780,7/7/2012
Somerton,AZ,2011,14660,7/7/2011
Somerton,AZ,2010,14414,7/7/2010
Somerton,AZ,2009,12754,7/7/2009
Somerton,AZ,2008,12146,7/7/2008
Somerton,AZ,2007,11057,7/7/2007
Somerton,AZ,2006,10600,7/7/2006
Somerton,AZ,2005,9944,7/7/2005
Somerton,AZ,2004,9110,7/7/2004
Somerton,AZ,2003,8660,7/7/2003
Somerton,AZ,2002,8225,7/7/2002
Somerton,AZ,2001,7973,7/7/2001
Somerton,AZ,2000,7563,7/7/2000
Sonoita,AZ,2021,799,7/7/2021
Sonoita,AZ,2020,803,7/7/2020
South Komelik,AZ,2021,188,7/7/2021
South Komelik,AZ,2020,176,7/7/2020
South Tucson,AZ,2021,4405,7/7/2021
South Tucson,AZ,2020,4613,7/7/2020
South Tucson,AZ,2019,5715,7/7/2019
South Tucson,AZ,2018,5686,7/7/2018
South Tucson,AZ,2017,5663,7/7/2017
South Tucson,AZ,2016,5650,7/7/2016
South Tucson,AZ,2015,5636,7/7/2015
South Tucson,AZ,2014,5649,7/7/2014
South Tucson,AZ,2013,5603,7/7/2013
South Tucson,AZ,2012,5613,7/7/2012
South Tucson,AZ,2011,5634,7/7/2011
South Tucson,AZ,2010,5643,7/7/2010
South Tucson,AZ,2009,6042,7/7/2009
South Tucson,AZ,2008,6001,7/7/2008
South Tucson,AZ,2007,5950,7/7/2007
South Tucson,AZ,2006,5906,7/7/2006
South Tucson,AZ,2005,5721,7/7/2005
South Tucson,AZ,2004,5671,7/7/2004
South Tucson,AZ,2003,5605,7/7/2003
South Tucson,AZ,2002,5569,7/7/2002
South Tucson,AZ,2001,5529,7/7/2001
South Tucson,AZ,2000,5514,7/7/2000
Spring Valley,AZ,2021,1143,7/7/2021
Spring Valley,AZ,2020,1143,7/7/2020
Springerville,AZ,2021,1669,7/7/2021
Springerville,AZ,2020,1717,7/7/2020
Springerville,AZ,2019,1978,7/7/2019
Springerville,AZ,2018,1980,7/7/2018
Springerville,AZ,2017,1955,7/7/2017
Springerville,AZ,2016,1947,7/7/2016
Springerville,AZ,2015,1941,7/7/2015
Springerville,AZ,2014,1966,7/7/2014
Springerville,AZ,2013,1979,7/7/2013
Springerville,AZ,2012,1973,7/7/2012
Springerville,AZ,2011,1970,7/7/2011
Springerville,AZ,2010,1965,7/7/2010
Springerville,AZ,2009,2005,7/7/2009
Springerville,AZ,2008,1974,7/7/2008
Springerville,AZ,2007,1960,7/7/2007
Springerville,AZ,2006,1942,7/7/2006
Springerville,AZ,2005,1926,7/7/2005
Springerville,AZ,2004,1920,7/7/2004
Springerville,AZ,2003,1921,7/7/2003
Springerville,AZ,2002,1906,7/7/2002
Springerville,AZ,2001,1925,7/7/2001
Springerville,AZ,2000,1974,7/7/2000
St. David,AZ,2021,1627,7/7/2021
St. David,AZ,2020,1639,7/7/2020
St. Johns,AZ,2021,3405,7/7/2021
St. Johns,AZ,2021,732,7/7/2021
St. Johns,AZ,2020,3417,7/7/2020
St. Johns,AZ,2020,690,7/7/2020
St. Johns,AZ,2019,3512,7/7/2019
St. Johns,AZ,2018,3512,7/7/2018
St. Johns,AZ,2017,3505,7/7/2017
St. Johns,AZ,2016,3485,7/7/2016
St. Johns,AZ,2015,3462,7/7/2015
St. Johns,AZ,2014,3506,7/7/2014
St. Johns,AZ,2013,3533,7/7/2013
St. Johns,AZ,2012,3536,7/7/2012
St. Johns,AZ,2011,3512,7/7/2011
St. Johns,AZ,2010,3494,7/7/2010
St. Johns,AZ,2009,3675,7/7/2009
St. Johns,AZ,2008,3590,7/7/2008
St. Johns,AZ,2007,3569,7/7/2007
St. Johns,AZ,2006,3536,7/7/2006
St. Johns,AZ,2005,3493,7/7/2005
St. Johns,AZ,2004,3474,7/7/2004
St. Johns,AZ,2003,3476,7/7/2003
St. Johns,AZ,2002,3443,7/7/2002
St. Johns,AZ,2001,3478,7/7/2001
St. Johns,AZ,2000,3554,7/7/2000
St. Michaels,AZ,2021,1372,7/7/2021
St. Michaels,AZ,2020,1384,7/7/2020
Stanfield,AZ,2021,522,7/7/2021
Stanfield,AZ,2020,558,7/7/2020
Star Valley,AZ,2021,2518,7/7/2021
Star Valley,AZ,2020,2484,7/7/2020
Star Valley,AZ,2019,2308,7/7/2019
Star Valley,AZ,2018,2300,7/7/2018
Star Valley,AZ,2017,2290,7/7/2017
Star Valley,AZ,2016,2278,7/7/2016
Star Valley,AZ,2015,2266,7/7/2015
Star Valley,AZ,2014,2274,7/7/2014
Star Valley,AZ,2013,2269,7/7/2013
Star Valley,AZ,2012,2275,7/7/2012
Star Valley,AZ,2011,2295,7/7/2011
Star Valley,AZ,2010,2307,7/7/2010
Star Valley,AZ,2009,1969,7/7/2009
Star Valley,AZ,2008,1981,7/7/2008
Star Valley,AZ,2007,1999,7/7/2007
Star Valley,AZ,2006,1991,7/7/2006
Star Valley,AZ,2005,1991,7/7/2005
Star Valley,AZ,2004,1990,7/7/2004
Star Valley,AZ,2003,1977,7/7/2003
Star Valley,AZ,2002,1993,7/7/2002
Star Valley,AZ,2001,1997,7/7/2001
Star Valley,AZ,2000,2019,7/7/2000
Steamboat,AZ,2021,225,7/7/2021
Steamboat,AZ,2020,235,7/7/2020
Stotonic Village,AZ,2021,600,7/7/2021
Stotonic Village,AZ,2020,610,7/7/2020
Strawberry,AZ,2021,939,7/7/2021
Strawberry,AZ,2020,943,7/7/2020
Summerhaven,AZ,2021,77,7/7/2021
Summerhaven,AZ,2020,71,7/7/2020
Summit,AZ,2021,4594,7/7/2021
Summit,AZ,2020,4724,7/7/2020
Sun City,AZ,2021,40417,7/7/2021
Sun City,AZ,2020,39931,7/7/2020
Sun City West,AZ,2021,26060,7/7/2021
Sun City West,AZ,2020,25806,7/7/2020
Sun Lakes,AZ,2021,15046,7/7/2021
Sun Lakes,AZ,2020,14868,7/7/2020
Sun Valley,AZ,2021,121,7/7/2021
Sun Valley,AZ,2020,153,7/7/2020
Sunizona,AZ,2021,223,7/7/2021
Sunizona,AZ,2020,233,7/7/2020
Sunwest,AZ,2021,3,7/7/2021
Sunwest,AZ,2020,5,7/7/2020
Supai,AZ,2021,-42,7/7/2021
Supai,AZ,2020,0,7/7/2020
Superior,AZ,2021,2321,7/7/2021
Superior,AZ,2020,2407,7/7/2020
Superior,AZ,2019,3178,7/7/2019
Superior,AZ,2018,3131,7/7/2018
Superior,AZ,2017,3078,7/7/2017
Superior,AZ,2016,3023,7/7/2016
Superior,AZ,2015,2955,7/7/2015
Superior,AZ,2014,2904,7/7/2014
Superior,AZ,2013,2868,7/7/2013
Superior,AZ,2012,2867,7/7/2012
Superior,AZ,2011,2853,7/7/2011
Superior,AZ,2010,2887,7/7/2010
Superior,AZ,2009,3525,7/7/2009
Superior,AZ,2008,3366,7/7/2008
Superior,AZ,2007,3119,7/7/2007
Superior,AZ,2006,3020,7/7/2006
Superior,AZ,2005,3136,7/7/2005
Superior,AZ,2004,3264,7/7/2004
Superior,AZ,2003,3331,7/7/2003
Superior,AZ,2002,3320,7/7/2002
Superior,AZ,2001,3274,7/7/2001
Superior,AZ,2000,3258,7/7/2000
Surprise,AZ,2021,148274,7/7/2021
Surprise,AZ,2020,143148,7/7/2020
Surprise,AZ,2019,141664,7/7/2019
Surprise,AZ,2018,137717,7/7/2018
Surprise,AZ,2017,134781,7/7/2017
Surprise,AZ,2016,132846,7/7/2016
Surprise,AZ,2015,130336,7/7/2015
Surprise,AZ,2014,127880,7/7/2014
Surprise,AZ,2013,125035,7/7/2013
Surprise,AZ,2012,122266,7/7/2012
Surprise,AZ,2011,119617,7/7/2011
Surprise,AZ,2010,117643,7/7/2010
Surprise,AZ,2009,95236,7/7/2009
Surprise,AZ,2008,93013,7/7/2008
Surprise,AZ,2007,89922,7/7/2007
Surprise,AZ,2006,85820,7/7/2006
Surprise,AZ,2005,73264,7/7/2005
Surprise,AZ,2004,59492,7/7/2004
Surprise,AZ,2003,49922,7/7/2003
Surprise,AZ,2002,44058,7/7/2002
Surprise,AZ,2001,38084,7/7/2001
Surprise,AZ,2000,32348,7/7/2000
Sweet Water Village,AZ,2021,131,7/7/2021
Sweet Water Village,AZ,2020,123,7/7/2020
Swift Trail Junction,AZ,2021,2786,7/7/2021
Swift Trail Junction,AZ,2020,2810,7/7/2020
Tacna,AZ,2021,389,7/7/2021
Tacna,AZ,2020,425,7/7/2020
Tanque Verde,AZ,2021,16120,7/7/2021
Tanque Verde,AZ,2020,16250,7/7/2020
Tat Momoli,AZ,2021,20,7/7/2021
Tat Momoli,AZ,2020,18,7/7/2020
Taylor,AZ,2021,3971,7/7/2021
Taylor,AZ,2020,3995,7/7/2020
Taylor,AZ,2019,4321,7/7/2019
Taylor,AZ,2018,4253,7/7/2018
Taylor,AZ,2017,4186,7/7/2017
Taylor,AZ,2016,4148,7/7/2016
Taylor,AZ,2015,4111,7/7/2015
Taylor,AZ,2014,4111,7/7/2014
Taylor,AZ,2013,4087,7/7/2013
Taylor,AZ,2012,4097,7/7/2012
Taylor,AZ,2011,4099,7/7/2011
Taylor,AZ,2010,4107,7/7/2010
Taylor,AZ,2009,4182,7/7/2009
Taylor,AZ,2008,4144,7/7/2008
Taylor,AZ,2007,4070,7/7/2007
Taylor,AZ,2006,3981,7/7/2006
Taylor,AZ,2005,3772,7/7/2005
Taylor,AZ,2004,3628,7/7/2004
Taylor,AZ,2003,3506,7/7/2003
Taylor,AZ,2002,3370,7/7/2002
Taylor,AZ,2001,3247,7/7/2001
Taylor,AZ,2000,3220,7/7/2000
Teec Nos Pos,AZ,2021,463,7/7/2021
Teec Nos Pos,AZ,2020,507,7/7/2020
Tees Toh,AZ,2021,414,7/7/2021
Tees Toh,AZ,2020,420,7/7/2020
Tempe,AZ,2021,184361,7/7/2021
Tempe,AZ,2020,180587,7/7/2020
Tempe,AZ,2019,195805,7/7/2019
Tempe,AZ,2018,191746,7/7/2018
Tempe,AZ,2017,185792,7/7/2017
Tempe,AZ,2016,184877,7/7/2016
Tempe,AZ,2015,179114,7/7/2015
Tempe,AZ,2014,175636,7/7/2014
Tempe,AZ,2013,170740,7/7/2013
Tempe,AZ,2012,168549,7/7/2012
Tempe,AZ,2011,164477,7/7/2011
Tempe,AZ,2010,162323,7/7/2010
Tempe,AZ,2009,178519,7/7/2009
Tempe,AZ,2008,175692,7/7/2008
Tempe,AZ,2007,172571,7/7/2007
Tempe,AZ,2006,169460,7/7/2006
Tempe,AZ,2005,166698,7/7/2005
Tempe,AZ,2004,165070,7/7/2004
Tempe,AZ,2003,162168,7/7/2003
Tempe,AZ,2002,161396,7/7/2002
Tempe,AZ,2001,159995,7/7/2001
Tempe,AZ,2000,158860,7/7/2000
Thatcher,AZ,2021,5305,7/7/2021
Thatcher,AZ,2020,5231,7/7/2020
Thatcher,AZ,2019,5200,7/7/2019
Thatcher,AZ,2018,5106,7/7/2018
Thatcher,AZ,2017,5004,7/7/2017
Thatcher,AZ,2016,5000,7/7/2016
Thatcher,AZ,2015,4949,7/7/2015
Thatcher,AZ,2014,4987,7/7/2014
Thatcher,AZ,2013,4884,7/7/2013
Thatcher,AZ,2012,4835,7/7/2012
Thatcher,AZ,2011,4824,7/7/2011
Thatcher,AZ,2010,4836,7/7/2010
Thatcher,AZ,2009,5070,7/7/2009
Thatcher,AZ,2008,4933,7/7/2008
Thatcher,AZ,2007,4644,7/7/2007
Thatcher,AZ,2006,4191,7/7/2006
Thatcher,AZ,2005,4111,7/7/2005
Thatcher,AZ,2004,4048,7/7/2004
Thatcher,AZ,2003,4048,7/7/2003
Thatcher,AZ,2002,4053,7/7/2002
Thatcher,AZ,2001,4070,7/7/2001
Thatcher,AZ,2000,4059,7/7/2000
Three Points,AZ,2021,5104,7/7/2021
Three Points,AZ,2020,5184,7/7/2020
Tolani Lake,AZ,2021,217,7/7/2021
Tolani Lake,AZ,2020,227,7/7/2020
Tolleson,AZ,2021,7350,7/7/2021
Tolleson,AZ,2020,7216,7/7/2020
Tolleson,AZ,2019,7372,7/7/2019
Tolleson,AZ,2018,7274,7/7/2018
Tolleson,AZ,2017,7247,7/7/2017
Tolleson,AZ,2016,7200,7/7/2016
Tolleson,AZ,2015,7116,7/7/2015
Tolleson,AZ,2014,7017,7/7/2014
Tolleson,AZ,2013,6831,7/7/2013
Tolleson,AZ,2012,6745,7/7/2012
Tolleson,AZ,2011,6626,7/7/2011
Tolleson,AZ,2010,6544,7/7/2010
Tolleson,AZ,2009,7329,7/7/2009
Tolleson,AZ,2008,7206,7/7/2008
Tolleson,AZ,2007,7015,7/7/2007
Tolleson,AZ,2006,6802,7/7/2006
Tolleson,AZ,2005,6648,7/7/2005
Tolleson,AZ,2004,6489,7/7/2004
Tolleson,AZ,2003,6246,7/7/2003
Tolleson,AZ,2002,5375,7/7/2002
Tolleson,AZ,2001,5242,7/7/2001
Tolleson,AZ,2000,5028,7/7/2000
Tombstone,AZ,2021,1294,7/7/2021
Tombstone,AZ,2020,1308,7/7/2020
Tombstone,AZ,2019,1303,7/7/2019
Tombstone,AZ,2018,1296,7/7/2018
Tombstone,AZ,2017,1294,7/7/2017
Tombstone,AZ,2016,1303,7/7/2016
Tombstone,AZ,2015,1317,7/7/2015
Tombstone,AZ,2014,1329,7/7/2014
Tombstone,AZ,2013,1349,7/7/2013
Tombstone,AZ,2012,1372,7/7/2012
Tombstone,AZ,2011,1394,7/7/2011
Tombstone,AZ,2010,1392,7/7/2010
Tombstone,AZ,2009,1562,7/7/2009
Tombstone,AZ,2008,1560,7/7/2008
Tombstone,AZ,2007,1556,7/7/2007
Tombstone,AZ,2006,1557,7/7/2006
Tombstone,AZ,2005,1562,7/7/2005
Tombstone,AZ,2004,1552,7/7/2004
Tombstone,AZ,2003,1538,7/7/2003
Tombstone,AZ,2002,1531,7/7/2002
Tombstone,AZ,2001,1519,7/7/2001
Tombstone,AZ,2000,1509,7/7/2000
Tonalea,AZ,2021,431,7/7/2021
Tonalea,AZ,2020,451,7/7/2020
Tonopah,AZ,2021,15,7/7/2021
Tonopah,AZ,2020,23,7/7/2020
Tonto Basin,AZ,2021,1448,7/7/2021
Tonto Basin,AZ,2020,1444,7/7/2020
Tonto Village,AZ,2021,199,7/7/2021
Tonto Village,AZ,2020,209,7/7/2020
Topawa,AZ,2021,219,7/7/2021
Topawa,AZ,2020,233,7/7/2020
Topock,AZ,2021,0,7/7/2021
Topock,AZ,2020,2,7/7/2020
Top-of-the-World,AZ,2021,181,7/7/2021
Top-of-the-World,AZ,2020,189,7/7/2020
Toyei,AZ,2021,0,7/7/2021
Toyei,AZ,2020,2,7/7/2020
Truxton,AZ,2021,98,7/7/2021
Truxton,AZ,2020,104,7/7/2020
Tsaile,AZ,2021,1448,7/7/2021
Tsaile,AZ,2020,1408,7/7/2020
Tuba City,AZ,2021,7964,7/7/2021
Tuba City,AZ,2020,8072,7/7/2020
Tubac,AZ,2021,1659,7/7/2021
Tubac,AZ,2020,1581,7/7/2020
Tucson,AZ,2021,547131,7/7/2021
Tucson,AZ,2020,542629,7/7/2020
Tucson,AZ,2019,548073,7/7/2019
Tucson,AZ,2018,544858,7/7/2018
Tucson,AZ,2017,541377,7/7/2017
Tucson,AZ,2016,537528,7/7/2016
Tucson,AZ,2015,535607,7/7/2015
Tucson,AZ,2014,534800,7/7/2014
Tucson,AZ,2013,532945,7/7/2013
Tucson,AZ,2012,531880,7/7/2012
Tucson,AZ,2011,530709,7/7/2011
Tucson,AZ,2010,527160,7/7/2010
Tucson,AZ,2009,543910,7/7/2009
Tucson,AZ,2008,540653,7/7/2008
Tucson,AZ,2007,536752,7/7/2007
Tucson,AZ,2006,530349,7/7/2006
Tucson,AZ,2005,524830,7/7/2005
Tucson,AZ,2004,517246,7/7/2004
Tucson,AZ,2003,510276,7/7/2003
Tucson,AZ,2002,504134,7/7/2002
Tucson,AZ,2001,496358,7/7/2001
Tucson,AZ,2000,489355,7/7/2000
Tucson Estates,AZ,2021,12045,7/7/2021
Tucson Estates,AZ,2020,12069,7/7/2020
Tumacacori-Carmen,AZ,2021,317,7/7/2021
Tumacacori-Carmen,AZ,2020,329,7/7/2020
Turkey Creek,AZ,2021,393,7/7/2021
Turkey Creek,AZ,2020,377,7/7/2020
Tusayan,AZ,2019,580,7/7/2019
Tusayan,AZ,2018,586,7/7/2018
Tusayan,AZ,2017,584,7/7/2017
Tusayan,AZ,2016,589,7/7/2016
Tusayan,AZ,2015,586,7/7/2015
Tusayan,AZ,2014,583,7/7/2014
Tusayan,AZ,2013,579,7/7/2013
Tusayan,AZ,2012,564,7/7/2012
Tusayan,AZ,2011,566,7/7/2011
Tusayan,AZ,2010,570,7/7/2010
Upper Santan Village,AZ,2021,699,7/7/2021
Upper Santan Village,AZ,2020,665,7/7/2020
Utting,AZ,2021,86,7/7/2021
Utting,AZ,2020,92,7/7/2020
Vail,AZ,2021,14284,7/7/2021
Vail,AZ,2020,13604,7/7/2020
Vaiva Vo,AZ,2021,85,7/7/2021
Vaiva Vo,AZ,2020,93,7/7/2020
Valencia West,AZ,2021,15051,7/7/2021
Valencia West,AZ,2020,14101,7/7/2020
Valentine,AZ,2021,39,7/7/2021
Valentine,AZ,2020,39,7/7/2020
Valle,AZ,2021,745,7/7/2021
Valle,AZ,2020,759,7/7/2020
Valle Vista,AZ,2021,1830,7/7/2021
Valle Vista,AZ,2020,1802,7/7/2020
Ventana,AZ,2021,52,7/7/2021
Ventana,AZ,2020,52,7/7/2020
Verde Village,AZ,2021,12101,7/7/2021
Verde Village,AZ,2020,12019,7/7/2020
Vernon,AZ,2021,126,7/7/2021
Vernon,AZ,2020,126,7/7/2020
Vicksburg,AZ,2021,382,7/7/2021
Vicksburg,AZ,2020,418,7/7/2020
Village of Oak Creek Big Park,AZ,2021,6124,7/7/2021
Village of Oak Creek Big Park,AZ,2020,6128,7/7/2020
Wagon Wheel,AZ,2021,1896,7/7/2021
Wagon Wheel,AZ,2020,1856,7/7/2020
Wahak Hotrontk,AZ,2021,82,7/7/2021
Wahak Hotrontk,AZ,2020,88,7/7/2020
Wall Lane,AZ,2021,232,7/7/2021
Wall Lane,AZ,2020,262,7/7/2020
Walnut Creek,AZ,2021,573,7/7/2021
Walnut Creek,AZ,2020,571,7/7/2020
Washington Park,AZ,2021,89,7/7/2021
Washington Park,AZ,2020,85,7/7/2020
Wellton,AZ,2021,2273,7/7/2021
Wellton,AZ,2020,2375,7/7/2020
Wellton,AZ,2019,3044,7/7/2019
Wellton,AZ,2018,3031,7/7/2018
Wellton,AZ,2017,3023,7/7/2017
Wellton,AZ,2016,2980,7/7/2016
Wellton,AZ,2015,2951,7/7/2015
Wellton,AZ,2014,2962,7/7/2014
Wellton,AZ,2013,2956,7/7/2013
Wellton,AZ,2012,2949,7/7/2012
Wellton,AZ,2011,2940,7/7/2011
Wellton,AZ,2010,2890,7/7/2010
Wellton,AZ,2009,1951,7/7/2009
Wellton,AZ,2008,1921,7/7/2008
Wellton,AZ,2007,1908,7/7/2007
Wellton,AZ,2006,1908,7/7/2006
Wellton,AZ,2005,1900,7/7/2005
Wellton,AZ,2004,1896,7/7/2004
Wellton,AZ,2003,1879,7/7/2003
Wellton,AZ,2002,1876,7/7/2002
Wellton,AZ,2001,1869,7/7/2001
Wellton,AZ,2000,1870,7/7/2000
Wellton Hills,AZ,2021,149,7/7/2021
Wellton Hills,AZ,2020,167,7/7/2020
Wenden,AZ,2021,404,7/7/2021
Wenden,AZ,2020,458,7/7/2020
Wet Camp Village,AZ,2021,314,7/7/2021
Wet Camp Village,AZ,2020,300,7/7/2020
Wheatfields,AZ,2021,510,7/7/2021
Wheatfields,AZ,2020,556,7/7/2020
Whispering Pines,AZ,2021,120,7/7/2021
Whispering Pines,AZ,2020,124,7/7/2020
White Hills,AZ,2021,349,7/7/2021
White Hills,AZ,2020,345,7/7/2020
White Mountain Lake,AZ,2021,2361,7/7/2021
White Mountain Lake,AZ,2020,2335,7/7/2020
Whitecone,AZ,2021,758,7/7/2021
Whitecone,AZ,2020,768,7/7/2020
Whiteriver,AZ,2021,4604,7/7/2021
Whiteriver,AZ,2020,4520,7/7/2020
Wickenburg,AZ,2021,7696,7/7/2021
Wickenburg,AZ,2020,7474,7/7/2020
Wickenburg,AZ,2019,8092,7/7/2019
Wickenburg,AZ,2018,7808,7/7/2018
Wickenburg,AZ,2017,7440,7/7/2017
Wickenburg,AZ,2016,7204,7/7/2016
Wickenburg,AZ,2015,7003,7/7/2015
Wickenburg,AZ,2014,6906,7/7/2014
Wickenburg,AZ,2013,6826,7/7/2013
Wickenburg,AZ,2012,6740,7/7/2012
Wickenburg,AZ,2011,6620,7/7/2011
Wickenburg,AZ,2010,6529,7/7/2010
Wickenburg,AZ,2009,6654,7/7/2009
Wickenburg,AZ,2008,6636,7/7/2008
Wickenburg,AZ,2007,6553,7/7/2007
Wickenburg,AZ,2006,6447,7/7/2006
Wickenburg,AZ,2005,6302,7/7/2005
Wickenburg,AZ,2004,6137,7/7/2004
Wickenburg,AZ,2003,5994,7/7/2003
Wickenburg,AZ,2002,5982,7/7/2002
Wickenburg,AZ,2001,5939,7/7/2001
Wickenburg,AZ,2000,5895,7/7/2000
Wide Ruins,AZ,2021,-12,7/7/2021
Wide Ruins,AZ,2020,20,7/7/2020
Wikieup,AZ,2021,135,7/7/2021
Wikieup,AZ,2020,135,7/7/2020
Wilhoit,AZ,2021,864,7/7/2021
Wilhoit,AZ,2020,864,7/7/2020
Willcox,AZ,2021,3105,7/7/2021
Willcox,AZ,2020,3213,7/7/2020
Willcox,AZ,2019,3533,7/7/2019
Willcox,AZ,2018,3524,7/7/2018
Willcox,AZ,2017,3505,7/7/2017
Willcox,AZ,2016,3509,7/7/2016
Willcox,AZ,2015,3570,7/7/2015
Willcox,AZ,2014,3612,7/7/2014
Willcox,AZ,2013,3653,7/7/2013
Willcox,AZ,2012,3712,7/7/2012
Willcox,AZ,2011,3768,7/7/2011
Willcox,AZ,2010,3762,7/7/2010
Willcox,AZ,2009,3822,7/7/2009
Willcox,AZ,2008,3799,7/7/2008
Willcox,AZ,2007,3788,7/7/2007
Willcox,AZ,2006,3807,7/7/2006
Willcox,AZ,2005,3765,7/7/2005
Willcox,AZ,2004,3753,7/7/2004
Willcox,AZ,2003,3734,7/7/2003
Willcox,AZ,2002,3730,7/7/2002
Willcox,AZ,2001,3718,7/7/2001
Willcox,AZ,2000,3741,7/7/2000
Williams,AZ,2021,3238,7/7/2021
Williams,AZ,2020,3202,7/7/2020
Williams,AZ,2019,3248,7/7/2019
Williams,AZ,2018,3228,7/7/2018
Williams,AZ,2017,3174,7/7/2017
Williams,AZ,2016,3159,7/7/2016
Williams,AZ,2015,3118,7/7/2015
Williams,AZ,2014,3105,7/7/2014
Williams,AZ,2013,3066,7/7/2013
Williams,AZ,2012,3027,7/7/2012
Williams,AZ,2011,3028,7/7/2011
Williams,AZ,2010,3045,7/7/2010
Williams,AZ,2009,3336,7/7/2009
Williams,AZ,2008,3295,7/7/2008
Williams,AZ,2007,3262,7/7/2007
Williams,AZ,2006,3221,7/7/2006
Williams,AZ,2005,3111,7/7/2005
Williams,AZ,2004,2978,7/7/2004
Williams,AZ,2003,2966,7/7/2003
Williams,AZ,2002,2919,7/7/2002
Williams,AZ,2001,2862,7/7/2001
Williams,AZ,2000,2847,7/7/2000
Williamson,AZ,2021,6348,7/7/2021
Williamson,AZ,2020,6196,7/7/2020
Willow Canyon,AZ,2021,2,7/7/2021
Willow Canyon,AZ,2020,2,7/7/2020
Willow Valley,AZ,2021,1059,7/7/2021
Willow Valley,AZ,2020,1059,7/7/2020
Window Rock,AZ,2021,2458,7/7/2021
Window Rock,AZ,2020,2500,7/7/2020
Winkelman,AZ,2021,284,7/7/2021
Winkelman,AZ,2020,296,7/7/2020
Winkelman,AZ,2019,351,7/7/2019
Winkelman,AZ,2018,351,7/7/2018
Winkelman,AZ,2017,347,7/7/2017
Winkelman,AZ,2016,347,7/7/2016
Winkelman,AZ,2015,346,7/7/2015
Winkelman,AZ,2014,348,7/7/2014
Winkelman,AZ,2013,348,7/7/2013
Winkelman,AZ,2012,349,7/7/2012
Winkelman,AZ,2011,353,7/7/2011
Winkelman,AZ,2010,355,7/7/2010
Winkelman,AZ,2009,428,7/7/2009
Winkelman,AZ,2008,432,7/7/2008
Winkelman,AZ,2007,436,7/7/2007
Winkelman,AZ,2006,436,7/7/2006
Winkelman,AZ,2005,436,7/7/2005
Winkelman,AZ,2004,436,7/7/2004
Winkelman,AZ,2003,433,7/7/2003
Winkelman,AZ,2002,436,7/7/2002
Winkelman,AZ,2001,437,7/7/2001
Winkelman,AZ,2000,442,7/7/2000
Winslow,AZ,2021,8875,7/7/2021
Winslow,AZ,2020,9005,7/7/2020
Winslow,AZ,2019,9338,7/7/2019
Winslow,AZ,2018,9411,7/7/2018
Winslow,AZ,2017,9418,7/7/2017
Winslow,AZ,2016,9602,7/7/2016
Winslow,AZ,2015,9537,7/7/2015
Winslow,AZ,2014,9563,7/7/2014
Winslow,AZ,2013,9448,7/7/2013
Winslow,AZ,2012,9403,7/7/2012
Winslow,AZ,2011,9638,7/7/2011
Winslow,AZ,2010,9708,7/7/2010
Winslow,AZ,2009,9833,7/7/2009
Winslow,AZ,2008,9811,7/7/2008
Winslow,AZ,2007,9824,7/7/2007
Winslow,AZ,2006,9693,7/7/2006
Winslow,AZ,2005,9834,7/7/2005
Winslow,AZ,2004,9720,7/7/2004
Winslow,AZ,2003,9733,7/7/2003
Winslow,AZ,2002,9712,7/7/2002
Winslow,AZ,2001,9543,7/7/2001
Winslow,AZ,2000,9549,7/7/2000
Winslow West,AZ,2021,461,7/7/2021
Winslow West,AZ,2020,457,7/7/2020
Wintersburg,AZ,2021,35,7/7/2021
Wintersburg,AZ,2020,51,7/7/2020
Wittmann,AZ,2021,668,7/7/2021
Wittmann,AZ,2020,684,7/7/2020
Woodruff,AZ,2021,146,7/7/2021
Woodruff,AZ,2020,154,7/7/2020
Yarnell,AZ,2021,554,7/7/2021
Yarnell,AZ,2020,570,7/7/2020
York,AZ,2021,607,7/7/2021
York,AZ,2020,599,7/7/2020
Young,AZ,2021,572,7/7/2021
Young,AZ,2020,588,7/7/2020
Youngtown,AZ,2021,7236,7/7/2021
Youngtown,AZ,2020,7056,7/7/2020
Youngtown,AZ,2019,6859,7/7/2019
Youngtown,AZ,2018,6824,7/7/2018
Youngtown,AZ,2017,6805,7/7/2017
Youngtown,AZ,2016,6774,7/7/2016
Youngtown,AZ,2015,6712,7/7/2015
Youngtown,AZ,2014,6631,7/7/2014
Youngtown,AZ,2013,6416,7/7/2013
Youngtown,AZ,2012,6338,7/7/2012
Youngtown,AZ,2011,6233,7/7/2011
Youngtown,AZ,2010,6158,7/7/2010
Youngtown,AZ,2009,4911,7/7/2009
Youngtown,AZ,2008,4901,7/7/2008
Youngtown,AZ,2007,4837,7/7/2007
Youngtown,AZ,2006,4729,7/7/2006
Youngtown,AZ,2005,4274,7/7/2005
Youngtown,AZ,2004,3541,7/7/2004
Youngtown,AZ,2003,3133,7/7/2003
Youngtown,AZ,2002,3098,7/7/2002
Youngtown,AZ,2001,3063,7/7/2001
Youngtown,AZ,2000,3020,7/7/2000
Yucca,AZ,2021,90,7/7/2021
Yucca,AZ,2020,96,7/7/2020
Yuma,AZ,2021,96044,7/7/2021
Yuma,AZ,2020,95548,7/7/2020
Yuma,AZ,2019,98285,7/7/2019
Yuma,AZ,2018,97648,7/7/2018
Yuma,AZ,2017,96399,7/7/2017
Yuma,AZ,2016,95259,7/7/2016
Yuma,AZ,2015,94155,7/7/2015
Yuma,AZ,2014,93624,7/7/2014
Yuma,AZ,2013,92998,7/7/2013
Yuma,AZ,2012,93701,7/7/2012
Yuma,AZ,2011,94241,7/7/2011
Yuma,AZ,2010,91328,7/7/2010
Yuma,AZ,2009,91105,7/7/2009
Yuma,AZ,2008,89842,7/7/2008
Yuma,AZ,2007,88664,7/7/2007
Yuma,AZ,2006,87180,7/7/2006
Yuma,AZ,2005,85352,7/7/2005
Yuma,AZ,2004,83315,7/7/2004
Yuma,AZ,2003,81944,7/7/2003
Yuma,AZ,2002,80975,7/7/2002
Yuma,AZ,2001,79699,7/7/2001
Yuma,AZ,2000,79090,7/7/2000
